{"parties": {"Kosovapress": {"pdk": {"https://kosovapress.com/hoxhaj-ne-prishtine-ne-e-bejme-historine-ne-lufte-dhe-ne-paqe-pdk-eshte-drita-qe-do-ta-rimekembe-kosoven/": 14, "https://kosovapress.com/kurtishaj-fton-qytetaret-te-votojne-per-pdk-ne-diten-e-zgjedhjeve-me-14-shkurt/": 3, "https://kosovapress.com/hoxhaj-ne-vushtrri-qeveri-stabile-do-te-kete-vetem-duke-votuar-pdk-ne-me-numrin-134-me-te-tjeret-mund-te-keni-qeveri-per-50-dite/": 17, "https://kosovapress.com/hoxhaj-ne-podujeve-kapitulli-i-ri-per-kosoven-do-te-filloje-me-14-shkurt-me-planin-per-rimekembje/": 9, "https://kosovapress.com/limaj-me-14-shkurt-do-te-prishen-matematikat-e-atyre-qe-po-tentojne-te-shuajne-zerin-e-clirimtareve/": 1, "https://kosovapress.com/hoxhaj-takon-biznesmenet-dhe-mesimdhenesit-ne-gjilan-zotohet-per-sjellje-te-investimeve-nga-jashte-dhe-rritje-pagash/": 2}, "vv": {"https://kosovapress.com/hoxhaj-ne-prishtine-ne-e-bejme-historine-ne-lufte-dhe-ne-paqe-pdk-eshte-drita-qe-do-ta-rimekembe-kosoven/": 1}, "ldk": {"https://kosovapress.com/mustafa-ne-permbyllje-te-fushates-nuk-miratojme-etjen-per-krejt-pushtetin/": 7}, "nisma": {"https://kosovapress.com/limaj-me-14-shkurt-do-te-prishen-matematikat-e-atyre-qe-po-tentojne-te-shuajne-zerin-e-clirimtareve/": 2}, "aak": {}, "akr": {"https://kosovapress.com/kqz-ja-pranon-mbi-38-mije-pako-me-fletevotime-sonte-permbyllet-periudha-e-votimit-permes-postes/": 1}, "psd": {}}, "Telegrafi": {"pdk": {"https://telegrafi.com/fatmir-limaj-kandidat-partise-nisma-socialdemokrate-per-kryeminister/?utm_source=zgjedhjet&utm_medium=zgjedhjet_module&utm_campaign=zgjedhjet_fatmir_limaj": 5, "https://telegrafi.com/lista-e-pdk-se-kandidatet-per-deputete/": 4, "https://telegrafi.com/kelmendi-nese-behem-deputet-jem-zeri-dhe-avokati-qytetareve-ne-te-gjitha-mekanizmat-institucional-te-vendit/": 3, "https://telegrafi.com/hoxhaj-mban-tubim-ne-istog-pdk-eshte-alternativa-e-duhur-per-qytetaret-tane/": 2, "https://telegrafi.com/hoxhaj-per-die-presse-qeveria-ime-te-jete-proevropiane-dhe-properendimore/": 1, "https://telegrafi.com/dita-e-fundit-e-fushates-zgjedhore-per-dhjete-dite-nuk-u-respektuan-masat-anticovid-te-dielen-qytetaret-drejtohen-kutive-te-votimit/": 3, "https://telegrafi.com/hoxhaj-nga-mitrovica-te-bashkuar-ta-bejme-te-madhe-fitoren-e-pdk-se-per-hashim-thacin-e-kadri-veselin/": 7, "https://telegrafi.com/parashikimi-agim-veliut-ldk-merr-31-deputete-lvv-27-pdk-25/": 1, "https://telegrafi.com/pdk-permbyll-fushaten-ne-peje-hoxhaj-e-kuci-flasin-per-rolin-dhe-kontributin-e-xhavit-halitit-per-clirimin-e-kosoves/": 3}, "vv": {"https://telegrafi.com/kurti-flet-per-fjongot-e-kuqe-dhe-kuptimin-e-sloganit-krejt-dhe-drejt/": 2, "https://telegrafi.com/lista-e-vetevendosjes-kandidatet-per-deputete/": 2, "https://telegrafi.com/kurti-ne-po-vijme-te-jem-kryeminister-per-te-gjithe/": 2, "https://telegrafi.com/lvv-thote-se-organizata-boterore-e-internacionales-socialiste-eshte-ne-mbeshtetje-te-albin-kurtit/": 1, "https://telegrafi.com/parashikimi-agim-veliut-ldk-merr-31-deputete-lvv-27-pdk-25/": 1, "https://telegrafi.com/jeton-lajqi-vizite-ne-lagjet-e-mitrovices-se-veriut-14-shkurt-festojme-se-bashku/": 2, "https://telegrafi.com/kurti-videomesazh-fton-qytetaret-te-dalin-ne-zgjedhje-cdo-vote-eshte-jetike/": 1}, "ldk": {"https://telegrafi.com/avdullah-hoti-kandidat-lidhjes-demokratike-te-kosoves-per-kryeminister/?utm_source=zgjedhjet&utm_medium=zgjedhjet_module&utm_campaign=zgjedhjet_avdullah_hoti": 1, "https://telegrafi.com/ramush-haradinaj-kandidat-aleances-per-ardhmerine-e-kosoves-per-president/?utm_source=zgjedhjet&utm_medium=zgjedhjet_module&utm_campaign=zgjedhjet_ramush_haradinaj": 1, "https://telegrafi.com/kandidati-ldk-se-per-deputet-feim-salihu-falenderon-qytetaret-e-lagjes-se-trimave-per-mbeshtetjen/": 3, "https://telegrafi.com/lista-e-ldk-se-kandidatet-per-deputete/": 4, "https://telegrafi.com/hoti-marreveshja-e-uashingtoni-rihapi-portat-e-miqesise-dhe-solli-1-miliard-investime/": 1, "https://telegrafi.com/dita-e-fundit-e-fushates-zgjedhore-per-dhjete-dite-nuk-u-respektuan-masat-anticovid-te-dielen-qytetaret-drejtohen-kutive-te-votimit/": 1, "https://telegrafi.com/parashikimi-agim-veliut-ldk-merr-31-deputete-lvv-27-pdk-25/": 3, "https://telegrafi.com/feim-salihu-kjo-per-mua-nuk-eshte-vetem-fushate-elektorale-por-vazhdim-paktit-qytetaret/": 4, "https://telegrafi.com/sefaj-ne-pejen-e-femijerise-sime-gjeta-perkrahjen-e-qytetareve-qe-besojne-ne-shtet-ndertim/": 2, "https://telegrafi.com/makolli-faleminderit-anamorave/": 3, "https://telegrafi.com/zyberaj-kosova-ta-permbylle-brenda-tre-muajsh-problemin-e-njohjes-nga-serbia/": 1, "https://telegrafi.com/hoti-refuzoni-propaganden-behuni-pjese-e-projektit-per-zhvillim-dhe-punesim/": 3}, "nisma": {"https://telegrafi.com/fatmir-limaj-kandidat-partise-nisma-socialdemokrate-per-kryeminister/?utm_source=zgjedhjet&utm_medium=zgjedhjet_module&utm_campaign=zgjedhjet_fatmir_limaj": 2, "https://telegrafi.com/lista-e-nismes-kandidatet-per-deputete/": 4, "https://telegrafi.com/11-arsyet-pse-vendi-ka-nevoje-per-nje-deputet-si-bekim-brestovci/": 2, "https://telegrafi.com/dita-e-fundit-e-fushates-zgjedhore-per-dhjete-dite-nuk-u-respektuan-masat-anticovid-te-dielen-qytetaret-drejtohen-kutive-te-votimit/": 2, "https://telegrafi.com/parashikimi-agim-veliut-ldk-merr-31-deputete-lvv-27-pdk-25/": 1, "https://telegrafi.com/bekim-koxha-nga-nisma-flet-per-synimet-e-tij-nese-ti-besohet-vota-per-tu-bere-deputet/": 3}, "aak": {"https://telegrafi.com/ramush-haradinaj-kandidat-aleances-per-ardhmerine-e-kosoves-per-president/?utm_source=zgjedhjet&utm_medium=zgjedhjet_module&utm_campaign=zgjedhjet_ramush_haradinaj": 2, "https://telegrafi.com/lista-e-aak-se-kandidatet-per-deputete/": 4, "https://telegrafi.com/haradinaj-ne-tubimin-permbylles-si-president-ti-kryej-punet-pa-e-pyetur-serbine/": 3, "https://telegrafi.com/lslami-mesazhi-fuqishem-qe-mund-tia-dergojme-vuciqit-eshte-vota-per-ramushin-president/": 3, "https://telegrafi.com/haradinaj-ne-lipjan-ndertojme-nje-kosove-te-forte-qe-garanton-jete-te-mire-per-te-gjithe-qytetaret-e-vendi/": 1, "https://telegrafi.com/aak-vuciqin-e-kap-ankthi-nga-kandidatura-e-haradinajt-per-president/": 4, "https://telegrafi.com/dita-e-fundit-e-fushates-zgjedhore-per-dhjete-dite-nuk-u-respektuan-masat-anticovid-te-dielen-qytetaret-drejtohen-kutive-te-votimit/": 4, "https://telegrafi.com/parashikimi-agim-veliut-ldk-merr-31-deputete-lvv-27-pdk-25/": 2, "https://telegrafi.com/daut-haradinaj-pas-tubimit-rinine-e-aleances-urime-fitorja-e-14-shkurtit/": 1}, "akr": {"https://telegrafi.com/zyberaj-kosova-te-permbylle-brenda-tre-muajsh-marreveshjen-serbine/": 1, "https://telegrafi.com/dita-e-fundit-e-fushates-zgjedhore-per-dhjete-dite-nuk-u-respektuan-masat-anticovid-te-dielen-qytetaret-drejtohen-kutive-te-votimit/": 1, "https://telegrafi.com/pse-duhet-ta-votoni-enver-dugollin-numer-41-nga-levizja-vetevendosje/": 1, "https://telegrafi.com/sefaj-ne-pejen-e-femijerise-sime-gjeta-perkrahjen-e-qytetareve-qe-besojne-ne-shtet-ndertim/": 1, "https://telegrafi.com/makolli-faleminderit-anamorave/": 2, "https://telegrafi.com/zyberaj-kosova-ta-permbylle-brenda-tre-muajsh-problemin-e-njohjes-nga-serbia/": 1}, "psd": {"https://telegrafi.com/aksioni-radhes-psd-se-e-quan-albin-kurtin-lider-suprem/": 4}}, "GazetaExpress": {"pdk": {"https://www.gazetaexpress.com/lladrovci-jep-mesazhin-per-votime/": 2, "https://www.gazetaexpress.com/mesazhi-i-fundit-i-limajt-para-heshtjes-zgjedhore-faleminderit-nga-zemra-qe%cc%88-jeni-rreshtuar-pas-numrit-121/": 1, "https://www.gazetaexpress.com/nobelisti-i-njohur-perkrah-enver-hoxhajn-per-kryeminister/": 1, "https://www.gazetaexpress.com/ukaj-i-pdkse-falenderon-qytetaret-per-perkrahje-dhe-fton-te-votojne-pdkne-dhe-numrin-47/": 7, "https://www.gazetaexpress.com/doberdolani-i-suharekes-i-thote-fuqishem-po-kauzes-se-limajt-me-clirimtaret/": 1, "https://www.gazetaexpress.com/xhavit-haliti-permend-disa-arsye-te-forta-se-pse-duhet-votuar-pdk-ne-me-14-shkurt/": 7, "https://www.gazetaexpress.com/krasniqi-liria-dhe-pavaresia-nuk-mund-te-zhbehen-per-teke-te-askujt-pdk-do-tia-rimekembe-dinjitetin-kosoves/": 15, "https://www.gazetaexpress.com/perkrahje-e-madhe-per-meliza-haradinaj-stublla-ne-prishtine-e-obiliq/": 1, "https://www.gazetaexpress.com/lladrovci-jemi-te-vonuar-dhe-nuk-duhet-diskutuar-per-ceshtje-qe-nuk-e-cojne-perpara-shtetin/": 1, "https://www.gazetaexpress.com/zyberaj-fushata-ka-qene-per-qytetaret-e-ketij-vendi-faleminderit-per-perkrahjen/": 1, "https://www.gazetaexpress.com/djali-i-kadri-veselit-per-enver-hoxhajn-nje-njeri-i-cili-kur-qielli-u-mbush-me-re-te-zeza-mori-pergjegjesine-dhe-na-dha-ate-drite-shprese/": 2, "https://www.gazetaexpress.com/hoxhaj-ne-prishtine-te-dielen-se-bashku-do-ta-shkruajme-nje-faqe-te-re-ne-historine-e-kosoves/": 8, "https://www.gazetaexpress.com/haradinaj-stublla-denoncoi-krimet-e-kryera-nga-serbia-para-botes/": 1, "https://www.gazetaexpress.com/te-nderuar-miq-gjate-ketyre-diteve-te-fushates-kisha-kenaqesine-te-punoje-me-shume-njerez-dhe-te-takoje-mijera-te-tjere/": 3, "https://www.gazetaexpress.com/adelina-grainca-e-pdkse-premton-10-bursa-per-studentet-vajza-do-ti-ndaj-nga-gjysma-e-pages/": 3, "https://www.gazetaexpress.com/e-tere-vushtrria-me-pdk-ne/": 3, "https://www.gazetaexpress.com/vetevendosjes-i-deshton-tubimi-ne%cc%88-malisheve-shihni-dallimin-me-tubimin-e-nismas-ne-kete-qytet/": 1, "https://www.gazetaexpress.com/ejupi-hajzeraj-e-aakse-do-e-ngrise-zerin-per-rinine-vecanerisht-ne-edukim-dhe-sport/": 1, "https://www.gazetaexpress.com/njeriu-i-merkelit-perkrah-enver-hoxhajn-per-kryeminister-kosova-ka-nevoje-per-udheheqes-me-pervoje-2/": 2, "https://www.gazetaexpress.com/limaj-e-mbylle-fushaten-me-nje-tubim-madheshtor-me-perkrahesit-e-nisme%cc%88s-ne%cc%88-prizren/": 2, "https://www.gazetaexpress.com/haradinaj-stublla-perkrahje-te-madhe-ne-fushe-kosove/": 1, "https://www.gazetaexpress.com/shala-fitorja-jone-befasuese-ka-emer-hashim-thaci-e-kadri-veseli/": 3, "https://www.gazetaexpress.com/albin-kurti-edhe-vjosa-osmani-injorohen-totalisht-ne-fshatin-e-burim-berishes/": 1, "https://www.gazetaexpress.com/behgjet-pacolli-ben-homazhe-te-varri-i-fadil-vokrrit/": 1, "https://www.gazetaexpress.com/haradinaj-stublla-ramushi-presidenti-i-vi-i-republikes/": 1, "https://www.gazetaexpress.com/njeriu-i-merkelit-perkrah-enver-hoxhajn-per-kryeminister-kosova-ka-nevoje-per-udheheqes-me-pervoje/": 2, "https://www.gazetaexpress.com/bekim-haxhiu-prezanton-ne-zoom-programin-e-rimekembjes-se-shendetesise/": 3, "https://www.gazetaexpress.com/hoxha-publikon-fotografi-me-gruan-dhe-djalin-e-kadri-veselit-dje-sot-neser-pergjithmone-se-bashku-me-kryetarin-veseli/": 2, "https://www.gazetaexpress.com/haradinaj-stublla-forca-e-kosoves-eshte-ne-prodhimin-vendor/": 1, "https://www.gazetaexpress.com/partia-konservatore-dhe-reformiste-evropiane-pdk-ka-luajtur-rol-te-rendesishem-ne-historine-e-kosoves-qe-nga-pavaresia/": 3, "https://www.gazetaexpress.com/kadriu-tani-eshte-koha-per-haradinajn-president/": 1, "https://www.gazetaexpress.com/milaim-zeka-kerkon-nga-votuesit-e-pdkse-qe-te-votojne-doktorin-e-njohur-skender-ukaj/": 5, "https://www.gazetaexpress.com/xhavit-haliti-pdk-del-e-para-ne-zgjedhjet-e-14-shkurtit/": 5, "https://www.gazetaexpress.com/abazi-rimekembja-eshte-vizioni-qe-mbeshtet-artin-dhe-kulturen/": 2, "https://www.gazetaexpress.com/me-ministren-haradinaj-stublla-shqiptaret-ne-rajon-e-ndjen-doren-e-shtetit-te-kosoves/": 1, "https://www.gazetaexpress.com/kujtim-gashi-rimekembja-e-bujqesise-bujqesia-dhe-zhvillimi-rural-do-te-jene-prioritet-i-yne/": 1, "https://www.gazetaexpress.com/ejupi-hajzeraj-tregon-prioritetet-e-saj-si-deputete/": 1, "https://www.gazetaexpress.com/haradinaj-stublla-merr-mbeshtetje-te-forte-ne-shtime/": 1, "https://www.gazetaexpress.com/hoti-e-pine-kafen-e-mengjesit-me-kandidatet-nga-prishtina/": 1, "https://www.gazetaexpress.com/pacolli-me-jetlirin-punoj-qe-12-vite-punuam-se-bashku-ne-fuqizimin-nderkombetar-te-kosoves/": 1, "https://www.gazetaexpress.com/haradinaj-ne-lipjan-do-ndertojme-nje-kosove-te-forte-qe-garanton-jete-te-mire-per-te-gjithe-qytetaret-e-vendit/": 1, "https://www.gazetaexpress.com/enver-hoxhaj-publikon-nje-video-emocionunese-nje-rrugetim-qe-ne-themel-ka-dashurine-per-kosoven/": 5, "https://www.gazetaexpress.com/haradinaj-viziton-bik-un-pe%cc%88rpjekjet-tona-pe%cc%88r-liri-e-pavare%cc%88si-kane%cc%88-njohur-kontributin-e-prije%cc%88sve-fetare%cc%88/": 1, "https://www.gazetaexpress.com/zyberaj-kosova-do-te-permbylle-brenda-tre-muajsh-marreveshjen-me-serbine-me-shba-garantuese/": 1, "https://www.gazetaexpress.com/hoxhaj-ne-shtypin-austriak-pdk-dhe-kosova-u-goditen-thaci-e-veseli-ben-lufte-te-drejte/": 5, "https://www.gazetaexpress.com/hoxhaj-per-die-presse-qeveria-ime-do-te-jene-proevropiane-dhe-properendimore/": 2, "https://www.gazetaexpress.com/familjaret-e-kadri-veselit-perkrah-enver-hoxhajt-ne-tubimin-e-pdk-se/": 7, "https://www.gazetaexpress.com/vajza-e-bajram-rexhepit-ne-tubimin-e-pdk-se-ne-mitrovice-hoxhaj-ka-disa-fjale-per-te/": 4, "https://www.gazetaexpress.com/enver-hoxhaj-ben-thirrje-te-votohet-dr-skender-ukaj/": 2, "https://www.gazetaexpress.com/hoxhaj-ne-mitrovice-pdk-ja-e-ngrit-vetem-flamurin-e-shtetit-te-kosoves-nuk-e-lejojme-askend-te-instaloje-sistem-autoritar/": 16, "https://www.gazetaexpress.com/haxhiu-mitrovica-i-dha-sot-perkrahjen-me-te-fuqishme-pdk-se/": 7, "https://www.gazetaexpress.com/limaj-i-pandalshem-vetem-sot-mobilizoi-10-dege%cc%88-te%cc%88-nismes-per-zgjedhjet-e-14-shkurtit/": 1, "https://www.gazetaexpress.com/haradinaj-finalja-e-perballjes-me-serbine-kerkon-vizionin-e-adem-jasharit-dhe-clirimtareve/": 1, "https://www.gazetaexpress.com/haradinaj-stublla-shpalos-12-premtimet-per-politiken-e-jashtme/": 1, "https://www.gazetaexpress.com/istogu-i-jep-perkrahje-te-madhe-dr-skender-ukajt-me-nr-47/": 5, "https://www.gazetaexpress.com/enver-hoxhaj-elektrizon-qytetin-e-kadri-veselit-mitrovicen-askush-smunde-ta-rishkruaje-historine-e-kosoves/": 6, "https://www.gazetaexpress.com/pdk-permbyll-fushaten-ne-peje-hoxhaj-e-kuci-flasin-per-rolin-dhe-kontributin-e-xhavit-halitit-per-clirimin-e-kosoves/": 5, "https://www.gazetaexpress.com/pal-shtufi-faton-bislimi-nje-rugovist-par-excellence-ne-parlament-eshte-sikur-me-pase-nje-senator-amerikan-aty/": 1, "https://www.gazetaexpress.com/hoxhaj-ne-istog-me-planin-e-rimekembjes-do-ta-rrisim-mireqenien-e-qytetareve-dhe-do-ta-sigurojme-vaksinen-anti-covid/": 2, "https://www.gazetaexpress.com/lumir-abdixhiku-merr-perkrahje-te-madhe-ne-qytetin-e-tij-ne-prishtine-express/": 1, "https://www.gazetaexpress.com/marigona-geci-me-artisten-qe-gjithmone-ka-mbeshtetur-presidentin-rugova/": 1, "https://www.gazetaexpress.com/hoxhaj-ne-peje-goditjen-e-rende-e-kthyem-ne-force-me-14-shkurt-bashke-do-ta-rimekembim-kosoven/": 8, "https://www.gazetaexpress.com/sherifi-ramiz-lladrovci-betejat-e-limajt-gjate%cc%88-luftes-ka-mund-ti-sheh-bashke%cc%88-me-mua-me-dylbi-nga-tirana/": 1, "https://www.gazetaexpress.com/haradinaj-stublla-mbeshtetja-e-aleances-eshte-mbeshtetje-per-kauzen-e-kosoves/": 1, "https://www.gazetaexpress.com/shala-me-ndergjegjen-e-paster-dhe-ballelarte-para-historise-pdk-do-ta-udheheq-kosoven/": 6, "https://www.gazetaexpress.com/zyberaj-me-numer-44-ne-listen-e-ldkse-brenda-tre-muajsh-e-permbyllet-njohja-nga-serbia/": 1, "https://www.gazetaexpress.com/gazeta-amerikane-biden-duhet-te-zgjedhe-mes-pragmatistit-hoxhaj-dhe-populistit-kurti/": 3, "https://www.gazetaexpress.com/hoti-kur-ne-negocionim-pavaresine-ne-vjene-ata-nxisnin-protesta-te-dhunshme/": 1, "https://www.gazetaexpress.com/hoti-do-ta-kthejme-prishtine-ne-nyje-strategjike-per-krejt-rajonin/": 1, "https://www.gazetaexpress.com/hoxhaj-me-kompanine-e-njohur-gjermane-vetem-pdk-sjell-investimet-gjermane-ne-kosove-dhe-hap-vende-te-reja-te-punes/": 4, "https://www.gazetaexpress.com/drenica-ne-mbeshtetje-te-fuqishme-per-haradinajn-president/": 1, "https://www.gazetaexpress.com/pse-te-votohet-flamur-sefaj/": 1, "https://www.gazetaexpress.com/beke-berisha-rrite-perkrahjen-per-aak-ne/": 1, "https://www.gazetaexpress.com/abazi-plani-i-rimekembjes-parasheh-mbeshtetje-te-vecante-per-te-moshuarit/": 3, "https://www.gazetaexpress.com/hajdari-pdkja-eshte-force-politike-qe-e-nxjerr-kosoven-nga-kriza/": 4, "https://www.gazetaexpress.com/ejupi-hajzeraj-grate-forca-e-kosoves/": 1, "https://www.gazetaexpress.com/limaj-nga-lidhja-e-prizrenit-shihemi-me-14-shkurt-ne-diten-e-fitores-se-clirimtareve/": 1, "https://www.gazetaexpress.com/hoti-neper-prishtine-do-te-kalojne-te-gjitha-autostradat-qe-lidhin-ballkanin/": 1, "https://www.gazetaexpress.com/isufi-sondazhet-e-porositura-nuk-mund-ta-bindin-qytetarin-per-vote-eshte-programi-qe-do-ta-binde-popullin/": 1, "https://www.gazetaexpress.com/haradinaj-me-tubim-madheshtor-nga-juniku-me-mua-president-uck-sdo-te-mbetet-jetim-2/": 1, "https://www.gazetaexpress.com/ministri-i-jashtem-i-togos-mbeshtet-hoxhajn-eshte-burreshtetas-qe-ka-bere-pune-te-madhe-per-kosoven/": 1, "https://www.gazetaexpress.com/haradinaj-me-tubim-madheshtor-nga-juniku-me-mua-president-uck-sdo-te-mbetet-jetim/": 1, "https://www.gazetaexpress.com/zyberaj-ruajtja-dhe-forcimi-i-marredhenieve-me-aleatet-eshte-njera-nga-shtyllat-e-shtetndertimit/": 1, "https://www.gazetaexpress.com/limaj-e-nis-dite-duke-ngrene-mengjes-me-strukturat-e-nismes-ne-fushe-kosove/": 1, "https://www.gazetaexpress.com/limaj-thote-se-per-nismen-nuk-ka-teme-me-te-rendesishme-se-sa-mbrojtja-e-vlerave-kombetare/": 1, "https://www.gazetaexpress.com/rinia-e-pejes-mbeshtetje-te-forte-per-meliza-haradinaj-stublla/": 1, "https://www.gazetaexpress.com/jetlir-zyberaj-programi-i-ldkse-garanton-per-vendin-siguri-mbrojtje-te-shtetit-dhe-aleance-te-perhershme-me-shbate/": 1, "https://www.gazetaexpress.com/memli-krasniqi-vv-po-i-rrahe-qytetaret-nuk-bashkepunojme-me-parti-te-dhunes-ge/": 4, "https://www.gazetaexpress.com/lumir-abdixhiku-merr-mbeshtetje-te-madhe-ne-anamorave/": 1, "https://www.gazetaexpress.com/haradinaj-pe%cc%88r-programin-e-aleance%cc%88s-e-pe%cc%88lqejne%cc%88-edhe-rivale%cc%88t-prandaj-po-e-kopjojne%cc%88/": 1, "https://www.gazetaexpress.com/miqte-dhe-bashkepunetoret-mbeshtesin-fuqishem-adelina-grainca/": 4, "https://www.gazetaexpress.com/bekim-haxhiu-me-flamurin-uck-se-e-ngrite-ne-kembe-drenicen-festa-e-fitores-se%cc%88-pdk-se%cc%88-pe%cc%88r-zgjedhjet-e-14-shkurtit-ka-filluar-qe%cc%88-sot-ne%cc%88-drenice%cc%88/": 9, "https://www.gazetaexpress.com/hoxhaj-pdk-ja-po-rilind-si-me-2007-i-gatshem-me-ekipin-ta-udheheqi-rimekembjen/": 7, "https://www.gazetaexpress.com/skender-ukaj-veteranet-e-uck-se-na-sollen-lirine-u-jam-mirenjohes-perjete/": 3, "https://www.gazetaexpress.com/hoxhaj-ne-skenderaj-duke-votuar-pdk-ne-me-numrin-134-per-rimekembje-u-thoni-jo-atyre-qe-vijne-me-njesi-speciale-ne-drenice/": 13, "https://www.gazetaexpress.com/xhavit-haliti-pritet-me-entuziazem-te-madh-ne-vendlindje/": 3, "https://www.gazetaexpress.com/haradinaj-stublla-nga-peja-ju-po-e-beni-kosoven-me-president-e-komandant-suprem/": 1}, "vv": {"https://www.gazetaexpress.com/hoxhaj-ne-prishtine-te-dielen-se-bashku-do-ta-shkruajme-nje-faqe-te-re-ne-historine-e-kosoves/": 1, "https://www.gazetaexpress.com/vetevendosjes-i-deshton-tubimi-ne%cc%88-malisheve-shihni-dallimin-me-tubimin-e-nismas-ne-kete-qytet/": 1, "https://www.gazetaexpress.com/albin-kurti-edhe-vjosa-osmani-injorohen-totalisht-ne-fshatin-e-burim-berishes/": 1, "https://www.gazetaexpress.com/kurti-ne-jemi-bashke-per-te-mire-ish-pushtetaret-per-te-vjedhur/": 4, "https://www.gazetaexpress.com/memli-krasniqi-vv-po-i-rrahe-qytetaret-nuk-bashkepunojme-me-parti-te-dhunes-ge/": 4}, "ldk": {"https://www.gazetaexpress.com/zyberaj-fushata-ka-qene-per-qytetaret-e-ketij-vendi-faleminderit-per-perkrahjen/": 1, "https://www.gazetaexpress.com/hoti-e-pine-kafen-e-mengjesit-me-kandidatet-nga-prishtina/": 1, "https://www.gazetaexpress.com/pacolli-me-jetlirin-punoj-qe-12-vite-punuam-se-bashku-ne-fuqizimin-nderkombetar-te-kosoves/": 2, "https://www.gazetaexpress.com/zyberaj-kosova-do-te-permbylle-brenda-tre-muajsh-marreveshjen-me-serbine-me-shba-garantuese/": 2, "https://www.gazetaexpress.com/pal-shtufi-faton-bislimi-nje-rugovist-par-excellence-ne-parlament-eshte-sikur-me-pase-nje-senator-amerikan-aty/": 1, "https://www.gazetaexpress.com/lumir-abdixhiku-merr-perkrahje-te-madhe-ne-qytetin-e-tij-ne-prishtine-express/": 1, "https://www.gazetaexpress.com/marigona-geci-me-artisten-qe-gjithmone-ka-mbeshtetur-presidentin-rugova/": 3, "https://www.gazetaexpress.com/zyberaj-me-numer-44-ne-listen-e-ldkse-brenda-tre-muajsh-e-permbyllet-njohja-nga-serbia/": 5, "https://www.gazetaexpress.com/hoti-kur-ne-negocionim-pavaresine-ne-vjene-ata-nxisnin-protesta-te-dhunshme/": 1, "https://www.gazetaexpress.com/hoti-do-ta-kthejme-prishtine-ne-nyje-strategjike-per-krejt-rajonin/": 4, "https://www.gazetaexpress.com/pse-te-votohet-flamur-sefaj/": 1, "https://www.gazetaexpress.com/hoti-neper-prishtine-do-te-kalojne-te-gjitha-autostradat-qe-lidhin-ballkanin/": 3, "https://www.gazetaexpress.com/zyberaj-ruajtja-dhe-forcimi-i-marredhenieve-me-aleatet-eshte-njera-nga-shtyllat-e-shtetndertimit/": 1, "https://www.gazetaexpress.com/jetlir-zyberaj-programi-i-ldkse-garanton-per-vendin-siguri-mbrojtje-te-shtetit-dhe-aleance-te-perhershme-me-shbate/": 3, "https://www.gazetaexpress.com/lumir-abdixhiku-merr-mbeshtetje-te-madhe-ne-anamorave/": 4}, "nisma": {"https://www.gazetaexpress.com/mesazhi-i-fundit-i-limajt-para-heshtjes-zgjedhore-faleminderit-nga-zemra-qe%cc%88-jeni-rreshtuar-pas-numrit-121/": 1, "https://www.gazetaexpress.com/doberdolani-i-suharekes-i-thote-fuqishem-po-kauzes-se-limajt-me-clirimtaret/": 1, "https://www.gazetaexpress.com/vetevendosjes-i-deshton-tubimi-ne%cc%88-malisheve-shihni-dallimin-me-tubimin-e-nismas-ne-kete-qytet/": 1, "https://www.gazetaexpress.com/limaj-e-mbylle-fushaten-me-nje-tubim-madheshtor-me-perkrahesit-e-nisme%cc%88s-ne%cc%88-prizren/": 2, "https://www.gazetaexpress.com/xhavit-haliti-pdk-del-e-para-ne-zgjedhjet-e-14-shkurtit/": 1, "https://www.gazetaexpress.com/limaj-i-pandalshem-vetem-sot-mobilizoi-10-dege%cc%88-te%cc%88-nismes-per-zgjedhjet-e-14-shkurtit/": 1, "https://www.gazetaexpress.com/limaj-e-nis-dite-duke-ngrene-mengjes-me-strukturat-e-nismes-ne-fushe-kosove/": 1}, "aak": {"https://www.gazetaexpress.com/perkrahje-e-madhe-per-meliza-haradinaj-stublla-ne-prishtine-e-obiliq/": 1, "https://www.gazetaexpress.com/ejupi-hajzeraj-e-aakse-do-e-ngrise-zerin-per-rinine-vecanerisht-ne-edukim-dhe-sport/": 2, "https://www.gazetaexpress.com/haradinaj-stublla-ramushi-presidenti-i-vi-i-republikes/": 1, "https://www.gazetaexpress.com/haradinaj-ne-tubimin-permbylles-si-president-do-ti-kryej-punet-pa-e-pyetur-serbine/": 3, "https://www.gazetaexpress.com/kadriu-tani-eshte-koha-per-haradinajn-president/": 1, "https://www.gazetaexpress.com/ejupi-hajzeraj-tregon-prioritetet-e-saj-si-deputete/": 2, "https://www.gazetaexpress.com/haradinaj-finalja-e-perballjes-me-serbine-kerkon-vizionin-e-adem-jasharit-dhe-clirimtareve/": 1, "https://www.gazetaexpress.com/drenica-ne-mbeshtetje-te-fuqishme-per-haradinajn-president/": 1, "https://www.gazetaexpress.com/beke-berisha-rrite-perkrahjen-per-aak-ne/": 4, "https://www.gazetaexpress.com/haradinaj-pe%cc%88r-programin-e-aleance%cc%88s-e-pe%cc%88lqejne%cc%88-edhe-rivale%cc%88t-prandaj-po-e-kopjojne%cc%88/": 1}, "akr": {"https://www.gazetaexpress.com/lladrovci-jep-mesazhin-per-votime/": 1, "https://www.gazetaexpress.com/zyberaj-fushata-ka-qene-per-qytetaret-e-ketij-vendi-faleminderit-per-perkrahjen/": 1, "https://www.gazetaexpress.com/behgjet-pacolli-ben-homazhe-te-varri-i-fadil-vokrrit/": 1, "https://www.gazetaexpress.com/pacolli-me-jetlirin-punoj-qe-12-vite-punuam-se-bashku-ne-fuqizimin-nderkombetar-te-kosoves/": 1, "https://www.gazetaexpress.com/haxhiu-mitrovica-i-dha-sot-perkrahjen-me-te-fuqishme-pdk-se/": 2, "https://www.gazetaexpress.com/haradinaj-finalja-e-perballjes-me-serbine-kerkon-vizionin-e-adem-jasharit-dhe-clirimtareve/": 1, "https://www.gazetaexpress.com/drenica-ne-mbeshtetje-te-fuqishme-per-haradinajn-president/": 2, "https://www.gazetaexpress.com/pse-te-votohet-flamur-sefaj/": 1, "https://www.gazetaexpress.com/bekim-haxhiu-me-flamurin-uck-se-e-ngrite-ne-kembe-drenicen-festa-e-fitores-se%cc%88-pdk-se%cc%88-pe%cc%88r-zgjedhjet-e-14-shkurtit-ka-filluar-qe%cc%88-sot-ne%cc%88-drenice%cc%88/": 1}, "psd": {}}, "Koha": {"pdk": {"https://www.koha.net/arberi/258354/kronika-zgjedhoreose-limaj-fton-prizrenin-te-rreshtohet-krah-clirimtareve/": 1, "https://www.koha.net/arberi/258348/kronika-zgjedhoreose-hoxhaj-e-quan-koalicionin-e-shpreses-koalicion-mashtrimi/": 7, "https://www.koha.net/arberi/258314/paralajmerohet-rritje-e-rasteve-me-covid-19-profesionistet-ngrene-shqetesime-per-tubimet-e-partive/": 1, "https://www.koha.net/arberi/258313/programe-te-pashtjelluara-e-premtime-pertej-mundesive-buxhetore/": 1, "https://www.koha.net/arberi/258309/limaj-i-ben-thirrje-bashkeluftetareve-ta-votojne-e-keni-njeriun-qe-ua-do-zemra/": 1, "https://www.koha.net/arberi/258290/hoxhaj-fitorja-jone-do-te-jete-e-madhe/": 14, "https://www.koha.net/arberi/258283/glps-programet-e-partive-kryesore-te-mangeta-te-paelaboruara-dhe-jokonkrete/": 1, "https://www.koha.net/arberi/258215/kronika-zgjedhoreose-hoxhaj-demokracia-eshte-ne-pikepyetje-vetem-pdk-ja-mund-ta-dergoje-kosoven-perpara/": 16, "https://www.koha.net/arberi/258214/kronika-zgjedhoreose-limaj-me-14-shkurt-shumekush-do-te-befasohet-me-rezultatin/": 1}, "vv": {"https://www.koha.net/arberi/258356/loshi-kosova-ende-ka-kohe-qe-te-ofroje-prova-per-krimet-e-serbise/": 4, "https://www.koha.net/arberi/258345/kronika-zgjedhoreose-vetevendosje-kerkon-mbi-51-per-qind-te-votave/": 1, "https://www.koha.net/arberi/258314/paralajmerohet-rritje-e-rasteve-me-covid-19-profesionistet-ngrene-shqetesime-per-tubimet-e-partive/": 1, "https://www.koha.net/arberi/258290/hoxhaj-fitorja-jone-do-te-jete-e-madhe/": 2, "https://www.koha.net/kosove/258287/vv-ja-ne-prizren-distancohet-nga-afishet-e-shkrimet-prane-objekteve-fetare/": 1, "https://www.koha.net/arberi/258283/glps-programet-e-partive-kryesore-te-mangeta-te-paelaboruara-dhe-jokonkrete/": 1, "https://www.koha.net/arberi/258267/osmani-me-14-shkurt-pensionohen-politikanet-qe-thone-se-qytetari-nuk-vendos/": 2, "https://www.koha.net/arberi/258263/vv-ja-i-kunderpergjigjet-hotit-per-ndarjet-e-familjeve/": 2, "https://www.koha.net/arberi/258225/ahmeti-ironizon-me-qeverine-hoti-te-lodhet-jeni/": 1}, "ldk": {"https://www.koha.net/arberi/258346/kronika-zgjedhoreose-mustafa-vetem-ldk-ja-siguron-permbylljen-e-plote-te-shtetesise/": 8, "https://www.koha.net/arberi/258314/paralajmerohet-rritje-e-rasteve-me-covid-19-profesionistet-ngrene-shqetesime-per-tubimet-e-partive/": 1, "https://www.koha.net/arberi/258311/hoti-qeverisem-me-duar-te-pastra-ldk-ja-ka-kulture-demokratike/": 3, "https://www.koha.net/arberi/258296/dumoshi-prezanton-programin-e-ldk-se-per-kulturen/": 3, "https://www.koha.net/arberi/258283/glps-programet-e-partive-kryesore-te-mangeta-te-paelaboruara-dhe-jokonkrete/": 1, "https://www.koha.net/arberi/258213/kronika-zgjedhoreose-hoti-zotohet-se-do-ta-ktheje-prishtinen-ne-nyje-strategjike-per-rajonin/": 6}, "nisma": {"https://www.koha.net/arberi/258354/kronika-zgjedhoreose-limaj-fton-prizrenin-te-rreshtohet-krah-clirimtareve/": 2, "https://www.koha.net/arberi/258334/20-gjoba-nga-komuna-e-prishtines-per-shkeljet-e-partive-ne-fushate-prin-vetevendosje/": 1, "https://www.koha.net/arberi/258309/limaj-i-ben-thirrje-bashkeluftetareve-ta-votojne-e-keni-njeriun-qe-ua-do-zemra/": 2}, "aak": {"https://www.koha.net/arberi/258349/kronika-zgjedhore-ose-aak-ja-e-mbyll-fushaten-me-premtimin-per-referendum-rreth-bashkimit-me-shqiperine/": 3, "https://www.koha.net/arberi/258314/paralajmerohet-rritje-e-rasteve-me-covid-19-profesionistet-ngrene-shqetesime-per-tubimet-e-partive/": 1, "https://www.koha.net/arberi/258283/glps-programet-e-partive-kryesore-te-mangeta-te-paelaboruara-dhe-jokonkrete/": 1, "https://www.koha.net/arberi/258259/haradinaj-ne-lipjan-zotohet-per-nje-kosove-te-forte-dhe-te-sigurt/": 1}, "akr": {"https://www.koha.net/arberi/258356/loshi-kosova-ende-ka-kohe-qe-te-ofroje-prova-per-krimet-e-serbise/": 1, "https://www.koha.net/arberi/258334/20-gjoba-nga-komuna-e-prishtines-per-shkeljet-e-partive-ne-fushate-prin-vetevendosje/": 1, "https://www.koha.net/arberi/258311/hoti-qeverisem-me-duar-te-pastra-ldk-ja-ka-kulture-demokratike/": 1, "https://www.koha.net/arberi/258294/dhl-votat-nga-diaspora-do-te-dergohen-edhe-te-shtunen-ne-kqz/": 1}, "psd": {}}, "Indeksonline": {"pdk": {"https://indeksonline.net/bekim-haxhiu-kamishi-ia-sjell-pdkse-te-gjithe-strukturen-e-nismes-ne-komoran-1/": 8, "https://indeksonline.net/ukaj-thirrje-qytetareve-dilni-te-dielen-ne-zgjedhje-e-respektoni-masat-anti-covid/": 2, "https://indeksonline.net/tubimet-zgjedhore-inspeksoni-ne-prishtine-deri-sot-ka-shqiptuar-20-gjoba-per-subjektet-politike/": 2, "https://indeksonline.net/xhavit-haliti-permend-disa-arsye-te-forta-se-pse-duhet-votuar-pdk-ne-me-14-shkurt/": 6, "https://indeksonline.net/kurtishaj-mirenjohes-per-perkrahjen-qe-ka-nga-rinia-1/": 2, "https://indeksonline.net/krasniqi-liria-dhe-pavaresia-nuk-mund-te-zhbehen-per-teke-te-askujt-pdk-do-tia-rimekembe-dinjitetin-kosoves/": 14, "https://indeksonline.net/hoxhaj-ne-tubim-ne-prishtine-te-dielen-se-bashku-do-ta-shkruajme-nje-faqe-te-re-ne-historine-e-kosoves-1/": 7, "https://indeksonline.net/musliu-shoshi-ne-podujeve-atmosfere-triumfuese-dhe-ngazellyese-per-fitoren-e-pdk-se-qe-do-te-vendoset-nga-qytetaret-kete-te-diele/": 5, "https://indeksonline.net/krasniqi-mashtruesve-e-demagogeve-duhet-te-ua-mshelim-deren-njehere-e-pergjithmone/": 3, "https://indeksonline.net/ne-tubimin-permbylles-te-pdk-se-edhe-familja-e-kadri-veselit-dhe-hashim-thacit/": 3}, "vv": {"https://indeksonline.net/hoti-permes-nje-videoje-falenderon-qytetaret/": 1, "https://indeksonline.net/mjaki-i-ldk-se-e-mbyll-fushaten-me-nje-mobilizim-te-jashtezakonshem-te-qytetareve/": 1, "https://indeksonline.net/kurti-per-vaksinen-anti-covid-do-ta-sigurojme-permes-be-se/": 1, "https://indeksonline.net/rinia-e-gjilanit-vulosi-fitoren-e-madhe-te-ldk-se-1/": 1, "https://indeksonline.net/bekim-haxhiu-kamishi-ia-sjell-pdkse-te-gjithe-strukturen-e-nismes-ne-komoran-1/": 1, "https://indeksonline.net/ukaj-thirrje-qytetareve-dilni-te-dielen-ne-zgjedhje-e-respektoni-masat-anti-covid/": 1, "https://indeksonline.net/asllanaj-ldk-e%cc%88shte%cc%88-e-vetmja-qe%cc%88-ruan-miqe%cc%88sine%cc%88-me-shba-te%cc%88/": 1, "https://indeksonline.net/tubimet-zgjedhore-inspeksoni-ne-prishtine-deri-sot-ka-shqiptuar-20-gjoba-per-subjektet-politike/": 3, "https://indeksonline.net/doberdolani-i-suharekes-i-thote-fuqishem-po-kauzes-se-limajt-me-clirimtaret/": 1, "https://indeksonline.net/hyseni-i-vv-se-ben-thirrje-te-dielen-dilni-ne-zgjedhje-votoni-per-ndryshimin/": 2, "https://indeksonline.net/xhavit-haliti-permend-disa-arsye-te-forta-se-pse-duhet-votuar-pdk-ne-me-14-shkurt/": 1, "https://indeksonline.net/kurtishaj-mirenjohes-per-perkrahjen-qe-ka-nga-rinia-1/": 1, "https://indeksonline.net/perkrahje-e-madhe-per-meliza-haradinaj-stublla-ne-prishtine-e-obiliq/": 1, "https://indeksonline.net/kica-e-guxo-dilni-te-dielen-me-14-shkurt-masovikisht-le-te-jete-mobilizimi-juaj-mesazhi-me-i-fuqishem-kunder-keq-qeverisjes/": 2, "https://indeksonline.net/mesazhi-falenderues-i-kandidates-qe-ze-krahun-e-djathte-te-vjosa-osmani/": 1, "https://indeksonline.net/lutfi-haziri-ky-eshte-gjaku-zemra-e-oksigjeni-i-ldk-se-ne-dardanine-e-rezistences-per-lirine-e-shqiptareve-1/": 1, "https://indeksonline.net/haradinaj-na-ka-humbur-durimi-per-20-vjet-nuk-mbesim-me-te-bllokuar-nga-serbia-1/": 1, "https://indeksonline.net/krasniqi-liria-dhe-pavaresia-nuk-mund-te-zhbehen-per-teke-te-askujt-pdk-do-tia-rimekembe-dinjitetin-kosoves/": 1, "https://indeksonline.net/hoxhaj-ne-tubim-ne-prishtine-te-dielen-se-bashku-do-ta-shkruajme-nje-faqe-te-re-ne-historine-e-kosoves-1/": 2, "https://indeksonline.net/berisha-vizioni-yne-politik-eshte-zgjedhja-me-e-mire-per-kosoven/": 1, "https://indeksonline.net/kurti-qytetaret-duhet-te-dalin-krejt-ne-zgjedhje/": 4, "https://indeksonline.net/tahiri-mos-hiqni-dore-nga-qeverisja-e-mire-kete-e-deshmon-aleanca/": 1, "https://indeksonline.net/zyberaj-une-jam-per-veprim-per-pune-ne-parlament-do-prezantoj-vizionin-politik-e-ekonomik-te-listes-ldk-akr/": 1, "https://indeksonline.net/haradinaj-stublla-denoncoi-krimet-e-kryera-nga-serbia-para-botes/": 1, "https://indeksonline.net/musliu-shoshi-ne-podujeve-atmosfere-triumfuese-dhe-ngazellyese-per-fitoren-e-pdk-se-qe-do-te-vendoset-nga-qytetaret-kete-te-diele/": 1, "https://indeksonline.net/krasniqi-mashtruesve-e-demagogeve-duhet-te-ua-mshelim-deren-njehere-e-pergjithmone/": 1, "https://indeksonline.net/ne-tubimin-permbylles-te-pdk-se-edhe-familja-e-kadri-veselit-dhe-hashim-thacit/": 1, "https://indeksonline.net/likaj-jam-i-gatshem-te-marr-pergjegjesi-te-reja-aty-ku-merren-vendimet-e-medha/": 1, "https://indeksonline.net/lvv-mbyll-fushaten-zgjedhor-ndriqon-qiellin-e-kosoves-me-127-fanar/": 4, "https://indeksonline.net/asllanaj-bizneset-e-suharkes-storje-suksesi-per-te-gjithe-vendin-gjersa-e-ardhmja-eshte-ne-duart-e-rinise/": 1, "https://indeksonline.net/vjen-reagimi-i-daut-haradinajt-per-tubimin-madheshtor-permbylles-ne-prishtine/": 1, "https://indeksonline.net/mbeshtetje-e-madhe-per-doktorin-dhe-humanistin-rrustem-musa/": 1}, "ldk": {"https://indeksonline.net/hoti-permes-nje-videoje-falenderon-qytetaret/": 3, "https://indeksonline.net/mjaki-i-ldk-se-e-mbyll-fushaten-me-nje-mobilizim-te-jashtezakonshem-te-qytetareve/": 4, "https://indeksonline.net/rinia-e-gjilanit-vulosi-fitoren-e-madhe-te-ldk-se-1/": 9, "https://indeksonline.net/asllanaj-ldk-e%cc%88shte%cc%88-e-vetmja-qe%cc%88-ruan-miqe%cc%88sine%cc%88-me-shba-te%cc%88/": 11, "https://indeksonline.net/tubimet-zgjedhore-inspeksoni-ne-prishtine-deri-sot-ka-shqiptuar-20-gjoba-per-subjektet-politike/": 2, "https://indeksonline.net/lutfi-haziri-ky-eshte-gjaku-zemra-e-oksigjeni-i-ldk-se-ne-dardanine-e-rezistences-per-lirine-e-shqiptareve-1/": 9, "https://indeksonline.net/zyberaj-une-jam-per-veprim-per-pune-ne-parlament-do-prezantoj-vizionin-politik-e-ekonomik-te-listes-ldk-akr/": 3, "https://indeksonline.net/asllanaj-bizneset-e-suharkes-storje-suksesi-per-te-gjithe-vendin-gjersa-e-ardhmja-eshte-ne-duart-e-rinise/": 4}, "nisma": {"https://indeksonline.net/bekim-haxhiu-kamishi-ia-sjell-pdkse-te-gjithe-strukturen-e-nismes-ne-komoran-1/": 1, "https://indeksonline.net/tubimet-zgjedhore-inspeksoni-ne-prishtine-deri-sot-ka-shqiptuar-20-gjoba-per-subjektet-politike/": 2, "https://indeksonline.net/doberdolani-i-suharekes-i-thote-fuqishem-po-kauzes-se-limajt-me-clirimtaret/": 1}, "aak": {"https://indeksonline.net/tubimet-zgjedhore-inspeksoni-ne-prishtine-deri-sot-ka-shqiptuar-20-gjoba-per-subjektet-politike/": 2, "https://indeksonline.net/perkrahje-e-madhe-per-meliza-haradinaj-stublla-ne-prishtine-e-obiliq/": 1, "https://indeksonline.net/haradinaj-na-ka-humbur-durimi-per-20-vjet-nuk-mbesim-me-te-bllokuar-nga-serbia-1/": 1, "https://indeksonline.net/berisha-vizioni-yne-politik-eshte-zgjedhja-me-e-mire-per-kosoven/": 1, "https://indeksonline.net/tahiri-mos-hiqni-dore-nga-qeverisja-e-mire-kete-e-deshmon-aleanca/": 1, "https://indeksonline.net/likaj-jam-i-gatshem-te-marr-pergjegjesi-te-reja-aty-ku-merren-vendimet-e-medha/": 3, "https://indeksonline.net/vjen-reagimi-i-daut-haradinajt-per-tubimin-madheshtor-permbylles-ne-prishtine/": 1}, "akr": {"https://indeksonline.net/tubimet-zgjedhore-inspeksoni-ne-prishtine-deri-sot-ka-shqiptuar-20-gjoba-per-subjektet-politike/": 2, "https://indeksonline.net/zyberaj-une-jam-per-veprim-per-pune-ne-parlament-do-prezantoj-vizionin-politik-e-ekonomik-te-listes-ldk-akr/": 2}, "psd": {"https://indeksonline.net/hoti-permes-nje-videoje-falenderon-qytetaret/": 2, "https://indeksonline.net/mjaki-i-ldk-se-e-mbyll-fushaten-me-nje-mobilizim-te-jashtezakonshem-te-qytetareve/": 2, "https://indeksonline.net/kurti-per-vaksinen-anti-covid-do-ta-sigurojme-permes-be-se/": 2, "https://indeksonline.net/rinia-e-gjilanit-vulosi-fitoren-e-madhe-te-ldk-se-1/": 2, "https://indeksonline.net/bekim-haxhiu-kamishi-ia-sjell-pdkse-te-gjithe-strukturen-e-nismes-ne-komoran-1/": 2, "https://indeksonline.net/ukaj-thirrje-qytetareve-dilni-te-dielen-ne-zgjedhje-e-respektoni-masat-anti-covid/": 2, "https://indeksonline.net/asllanaj-ldk-e%cc%88shte%cc%88-e-vetmja-qe%cc%88-ruan-miqe%cc%88sine%cc%88-me-shba-te%cc%88/": 2, "https://indeksonline.net/tubimet-zgjedhore-inspeksoni-ne-prishtine-deri-sot-ka-shqiptuar-20-gjoba-per-subjektet-politike/": 2, "https://indeksonline.net/doberdolani-i-suharekes-i-thote-fuqishem-po-kauzes-se-limajt-me-clirimtaret/": 2, "https://indeksonline.net/hyseni-i-vv-se-ben-thirrje-te-dielen-dilni-ne-zgjedhje-votoni-per-ndryshimin/": 2, "https://indeksonline.net/xhavit-haliti-permend-disa-arsye-te-forta-se-pse-duhet-votuar-pdk-ne-me-14-shkurt/": 2, "https://indeksonline.net/kurtishaj-mirenjohes-per-perkrahjen-qe-ka-nga-rinia-1/": 2, "https://indeksonline.net/perkrahje-e-madhe-per-meliza-haradinaj-stublla-ne-prishtine-e-obiliq/": 2, "https://indeksonline.net/kica-e-guxo-dilni-te-dielen-me-14-shkurt-masovikisht-le-te-jete-mobilizimi-juaj-mesazhi-me-i-fuqishem-kunder-keq-qeverisjes/": 2, "https://indeksonline.net/mesazhi-falenderues-i-kandidates-qe-ze-krahun-e-djathte-te-vjosa-osmani/": 2, "https://indeksonline.net/lutfi-haziri-ky-eshte-gjaku-zemra-e-oksigjeni-i-ldk-se-ne-dardanine-e-rezistences-per-lirine-e-shqiptareve-1/": 2, "https://indeksonline.net/haradinaj-na-ka-humbur-durimi-per-20-vjet-nuk-mbesim-me-te-bllokuar-nga-serbia-1/": 2, "https://indeksonline.net/krasniqi-liria-dhe-pavaresia-nuk-mund-te-zhbehen-per-teke-te-askujt-pdk-do-tia-rimekembe-dinjitetin-kosoves/": 2, "https://indeksonline.net/hoxhaj-ne-tubim-ne-prishtine-te-dielen-se-bashku-do-ta-shkruajme-nje-faqe-te-re-ne-historine-e-kosoves-1/": 2, "https://indeksonline.net/berisha-vizioni-yne-politik-eshte-zgjedhja-me-e-mire-per-kosoven/": 2, "https://indeksonline.net/kurti-qytetaret-duhet-te-dalin-krejt-ne-zgjedhje/": 2, "https://indeksonline.net/tahiri-mos-hiqni-dore-nga-qeverisja-e-mire-kete-e-deshmon-aleanca/": 2, "https://indeksonline.net/zyberaj-une-jam-per-veprim-per-pune-ne-parlament-do-prezantoj-vizionin-politik-e-ekonomik-te-listes-ldk-akr/": 2, "https://indeksonline.net/haradinaj-stublla-denoncoi-krimet-e-kryera-nga-serbia-para-botes/": 2, "https://indeksonline.net/musliu-shoshi-ne-podujeve-atmosfere-triumfuese-dhe-ngazellyese-per-fitoren-e-pdk-se-qe-do-te-vendoset-nga-qytetaret-kete-te-diele/": 2, "https://indeksonline.net/krasniqi-mashtruesve-e-demagogeve-duhet-te-ua-mshelim-deren-njehere-e-pergjithmone/": 2, "https://indeksonline.net/ne-tubimin-permbylles-te-pdk-se-edhe-familja-e-kadri-veselit-dhe-hashim-thacit/": 2, "https://indeksonline.net/likaj-jam-i-gatshem-te-marr-pergjegjesi-te-reja-aty-ku-merren-vendimet-e-medha/": 2, "https://indeksonline.net/lvv-mbyll-fushaten-zgjedhor-ndriqon-qiellin-e-kosoves-me-127-fanar/": 2, "https://indeksonline.net/asllanaj-bizneset-e-suharkes-storje-suksesi-per-te-gjithe-vendin-gjersa-e-ardhmja-eshte-ne-duart-e-rinise/": 2, "https://indeksonline.net/vjen-reagimi-i-daut-haradinajt-per-tubimin-madheshtor-permbylles-ne-prishtine/": 2, "https://indeksonline.net/mbeshtetje-e-madhe-per-doktorin-dhe-humanistin-rrustem-musa/": 2}}, "BotaSot": {"pdk": {"https://www.botasot.info//aktuale-lajme/1509434/kurti-pdk-ka-probleme-perbrenda-me-sami-lushtakun/": 2, "https://www.botasot.info//aktuale-lajme/1509397/pse-e-refuzoi-debatin-me-enver-hoxhajn-e-pdk-se-flet-albin-kurti/": 1, "https://www.botasot.info//aktuale-lajme/1509371/albin-kurti-ka-nje-paralajmerim-per-serbine-ky-eshte-vendimi-qe-do-ta-merr-si-kryeminister/": 2, "https://www.botasot.info//aktuale-lajme/1509370/mberrijne-ne-kosove-votat-e-hashim-thacit-dhe-kadri-veselit/": 6, "https://www.botasot.info//aktuale-lajme/1509366/endrit-tha-i-merr-pjese-ne-fushaten-e-pdk-se-me-merr-malli-per-babin-dhe-axhen-kadri/": 2, "https://www.botasot.info//aktuale-lajme/1509363/reagon-sallahu-i-vv-se-pdk-po-nxit-urrejtje-ndaj-albin-kurtit-gjobitet-me-8-mije-euro/": 3, "https://www.botasot.info//politika-lajme/1509341/po-vjen-fundi-i-hajnave/": 4, "https://www.botasot.info//aktuale-lajme/1509331/parashikimi-i-buzhales-kjo-parti-do-ti-fitoje-bindshem-zgjedhjet/": 2, "https://www.botasot.info//aktuale-lajme/1509319/bashkepunetori-i-ngushte-i-nasim-haradinajt-befason-me-parashikimin-vv-ne-e-vendos-te-dyten-e-ldk-ne-te-treten/": 1, "https://www.botasot.info//aktuale-lajme/1509305/analisti-godet-rende-pdk-ne-ne-oret-e-fundit-te-fushates-vota-per-ta-eshte-vote-per-kthimin-e-hajnave-parti-e-krimit/": 1, "https://www.botasot.info//aktuale-lajme/1509301/kqz-ka-marre-leter-nga-amerika/": 1}, "vv": {"https://www.botasot.info//aktuale-lajme/1509457/pacarizi-sa-i-perket-debateve-partite-politike-u-dorezuan-dhe-ndoqen-rregullat-e-lojes-se-vv-se/": 4, "https://www.botasot.info//aktuale-lajme/1509440/vjosa-osmani-thote-se-per-ambasaden-ne-jerusalem-do-te-bisedojne-me-shba-ne/": 1, "https://www.botasot.info//aktuale-lajme/1509436/nuk-iu-lejua-kandidimi-per-deputet-kurti-ka-keto-fjale-per-daken/": 2, "https://www.botasot.info//aktuale-lajme/1509434/kurti-pdk-ka-probleme-perbrenda-me-sami-lushtakun/": 1, "https://www.botasot.info//politika-lajme/1509423/parashikimi-me-i-fundit-i-analistit-ky-do-te-jete-koalicioni-qe-do-te-qeverise-me-vendin-ndash-ja-emri-per-president-qe-mund-ta-zgjidh-ngercin/": 3, "https://www.botasot.info//aktuale-lajme/1509397/pse-e-refuzoi-debatin-me-enver-hoxhajn-e-pdk-se-flet-albin-kurti/": 1, "https://www.botasot.info//aktuale-lajme/1509390/perplasen-profesoret-per-fotografite-e-tubimeve-te-vvse/": 1, "https://www.botasot.info//aktuale-lajme/1509385/ja-si-i-komenton-vjosa-osmani-grafitet-ku-glauk-konjufca-shfaqet-i-pari-ne-liste/": 3, "https://www.botasot.info//aktuale-lajme/1509382/kurti-e-domosdoshme-qe-ti-kemi-61-deputete-qe-ta-funksionalizojme-qeverisjen/": 2, "https://www.botasot.info//aktuale-lajme/1509378/slogani-krejt-dhe-drejt-ja-cili-eshte-shpjegimi-i-albin-kurtit/": 1, "https://www.botasot.info//aktuale-lajme/1509376/osmani-qytetaret-nuk-kane-frike-nga-ne-prandaj-na-besojne-aq-shume/": 2, "https://www.botasot.info//aktuale-lajme/1509371/albin-kurti-ka-nje-paralajmerim-per-serbine-ky-eshte-vendimi-qe-do-ta-merr-si-kryeminister/": 14, "https://www.botasot.info//aktuale-lajme/1509364/ka-ardhur-koha-per-vetevendosjen-i-vjen-mbeshtetja-e-radhes-nga-gjermania-albin-kurtit/": 3, "https://www.botasot.info//aktuale-lajme/1509362/ish-keshilltari-i-thacit-tallet-me-kurtin-a-po-kandidon-per-kryeredaktor-apo-kryeminister-te-kosoves/": 1, "https://www.botasot.info//aktuale-lajme/1509355/latifi-flet-per-tubimin-ne-prishtine-si-duket-vv-se-dicka-nuk-i-ka-shkuar-mire/": 1, "https://www.botasot.info//politika-lajme/1509341/po-vjen-fundi-i-hajnave/": 2, "https://www.botasot.info//aktuale-lajme/1509331/parashikimi-i-buzhales-kjo-parti-do-ti-fitoje-bindshem-zgjedhjet/": 1, "https://www.botasot.info//aktuale-lajme/1509319/bashkepunetori-i-ngushte-i-nasim-haradinajt-befason-me-parashikimin-vv-ne-e-vendos-te-dyten-e-ldk-ne-te-treten/": 2, "https://www.botasot.info//aktuale-lajme/1509301/kqz-ka-marre-leter-nga-amerika/": 1, "https://www.botasot.info//ndryshe-lajme/1509264/cfare-fshihet-pas-12-02-2021-misteri-i-nje-date-te-rralle-te-vitit/": 2, "https://www.botasot.info//aktuale-lajme/1509231/kimete-berisha-i-kunderpergjigjet-valon-syles-sa-here-me-sheh-ia-kujtoj-bombonjerat-serbisht/": 1, "https://www.botasot.info//aktuale-lajme/1509229/shpetuesit-e-qytetareve-te-kosoves-jane-albin-kurti-dhe-vjosa-osmani/": 1}, "ldk": {"https://www.botasot.info//aktuale-lajme/1509479/deklarata-per-percarjet-familjare-nga-vv-ja-sqarohet-hoti/": 2, "https://www.botasot.info//politika-lajme/1509423/parashikimi-me-i-fundit-i-analistit-ky-do-te-jete-koalicioni-qe-do-te-qeverise-me-vendin-ndash-ja-emri-per-president-qe-mund-ta-zgjidh-ngercin/": 1, "https://www.botasot.info//aktuale-lajme/1509399/ku-dallojne-dhe-sa-pajtohen-kurti-e-osmani-flasin-per-njeri-tjetrin/": 1, "https://www.botasot.info//aktuale-lajme/1509397/pse-e-refuzoi-debatin-me-enver-hoxhajn-e-pdk-se-flet-albin-kurti/": 1, "https://www.botasot.info//aktuale-lajme/1509371/albin-kurti-ka-nje-paralajmerim-per-serbine-ky-eshte-vendimi-qe-do-ta-merr-si-kryeminister/": 2, "https://www.botasot.info//aktuale-lajme/1509358/ish-deputetja-e-ldk-se-ne-zgjedhjet-e-kaluara-kemi-qene-partia-e-dyte-dhe-pretendojme-te-dalim-e-para/": 3, "https://www.botasot.info//politika-lajme/1509341/po-vjen-fundi-i-hajnave/": 2, "https://www.botasot.info//aktuale-lajme/1509331/parashikimi-i-buzhales-kjo-parti-do-ti-fitoje-bindshem-zgjedhjet/": 2, "https://www.botasot.info//aktuale-lajme/1509319/bashkepunetori-i-ngushte-i-nasim-haradinajt-befason-me-parashikimin-vv-ne-e-vendos-te-dyten-e-ldk-ne-te-treten/": 2, "https://www.botasot.info//aktuale-lajme/1509301/kqz-ka-marre-leter-nga-amerika/": 1, "https://www.botasot.info//aktuale-lajme/1509290/tusk-thote-se-ldk-ja-ka-aftesite-e-nevojshme-qeverisese-dhe-pervojen-e-udheheqjes-ky-eshte-reagimi-avdullah-hotit/": 7, "https://www.botasot.info//aktuale-lajme/1509272/kembengul-isa-mustafa-ldk-garon-per-fitore-me-14-shkurt/": 8}, "nisma": {"https://www.botasot.info//aktuale-lajme/1509421/perfundon-fushata-per-zgjedhjet-e-se-dieles-ne-kosove-ja-cka-shkruan-voa/": 1, "https://www.botasot.info//politika-lajme/1509341/po-vjen-fundi-i-hajnave/": 2, "https://www.botasot.info//aktuale-lajme/1509331/parashikimi-i-buzhales-kjo-parti-do-ti-fitoje-bindshem-zgjedhjet/": 1, "https://www.botasot.info//aktuale-lajme/1509319/bashkepunetori-i-ngushte-i-nasim-haradinajt-befason-me-parashikimin-vv-ne-e-vendos-te-dyten-e-ldk-ne-te-treten/": 1}, "aak": {"https://www.botasot.info//politika-lajme/1509423/parashikimi-me-i-fundit-i-analistit-ky-do-te-jete-koalicioni-qe-do-te-qeverise-me-vendin-ndash-ja-emri-per-president-qe-mund-ta-zgjidh-ngercin/": 4, "https://www.botasot.info//politika-lajme/1509341/po-vjen-fundi-i-hajnave/": 1, "https://www.botasot.info//aktuale-lajme/1509331/parashikimi-i-buzhales-kjo-parti-do-ti-fitoje-bindshem-zgjedhjet/": 2, "https://www.botasot.info//aktuale-lajme/1509319/bashkepunetori-i-ngushte-i-nasim-haradinajt-befason-me-parashikimin-vv-ne-e-vendos-te-dyten-e-ldk-ne-te-treten/": 1, "https://www.botasot.info//aktuale-lajme/1509301/kqz-ka-marre-leter-nga-amerika/": 1}, "akr": {"https://www.botasot.info//aktuale-lajme/1509476/miftaraj-me-14-shkurt-mos-votoni-kandidate-me-aktakuza-per-korrupsion/": 1}, "psd": {}}, "Reporteri": {"pdk": {"https://reporteri.net/zgjedhjet2021/bekim-haxhiu-kamishi-ia-sjell-pdk-se-te-gjithe-strukturen-e-nismes-ne-komoran/": 7, "https://reporteri.net/zgjedhjet2021/albin-kurti-tregon-arsyet-se-pse-refuzoi-kerkesen-e-enver-hoxhajt-per-debat/": 1, "https://reporteri.net/zgjedhjet2021/hoxhaj-permbylle-fushaten-zgjedhore-ne-prishtine-ne-e-bejme-historine-ne-lufte-dhe-ne-paqe-pdk-eshte-drita-qe-do-ta-rimekembe-kosoven/": 14}, "vv": {"https://reporteri.net/zgjedhjet2021/avduallah-hoti-thote-se-ia-cmontuan-propaganden-vv-se/": 2, "https://reporteri.net/zgjedhjet2021/ironizon-gazetari-koci-armend-muja-eshte-maskuar-per-tu-dukur-kinse-eshte-shkullaku/": 3, "https://reporteri.net/zgjedhjet2021/kurti-do-ta-bejme-edhe-ligjin-anti-mafia/": 1, "https://reporteri.net/zgjedhjet2021/albin-kurti-tregon-arsyet-se-pse-refuzoi-kerkesen-e-enver-hoxhajt-per-debat/": 2, "https://reporteri.net/zgjedhjet2021/hoxhaj-permbylle-fushaten-zgjedhore-ne-prishtine-ne-e-bejme-historine-ne-lufte-dhe-ne-paqe-pdk-eshte-drita-qe-do-ta-rimekembe-kosoven/": 1}, "ldk": {"https://reporteri.net/zgjedhjet2021/avduallah-hoti-thote-se-ia-cmontuan-propaganden-vv-se/": 1, "https://reporteri.net/zgjedhjet2021/arben-gashi-dobet-shoku-albin-e-shoqja-vjose-pa-program-pa-ide-pa-pasion-dhe-pa-guxim/": 2, "https://reporteri.net/zgjedhjet2021/albin-kurti-tregon-arsyet-se-pse-refuzoi-kerkesen-e-enver-hoxhajt-per-debat/": 1, "https://reporteri.net/zgjedhjet2021/zyberaj-do-ta-zhvillojme-kosoven-dhe-do-ta-forcojme-subjektivitetin-e-saj-nderkombetar/": 1}, "nisma": {"https://reporteri.net/zgjedhjet2021/bekim-haxhiu-kamishi-ia-sjell-pdk-se-te-gjithe-strukturen-e-nismes-ne-komoran/": 1}, "aak": {"https://reporteri.net/zgjedhjet2021/tahiri-aak-ja-kurre%cc%88-ska-qene%cc%88-me%cc%88-e-konsoliduar-se-tash/": 2, "https://reporteri.net/zgjedhjet2021/vjosa-osmani-e-pranon-se-kane-blere-shtepi-ne-marigona/": 1}, "akr": {"https://reporteri.net/zgjedhjet2021/zyberaj-do-ta-zhvillojme-kosoven-dhe-do-ta-forcojme-subjektivitetin-e-saj-nderkombetar/": 1}, "psd": {}}, "Insajderi": {"pdk": {"https://insajderi.com/limaj-fton-prizrenin-te-rreshtohet-krah-clirimtareve/": 1, "https://insajderi.com/hoxhaj-te-dielen-do-ta-shkruajme-historine-e-kosoves/": 7}, "vv": {"https://insajderi.com/hoxhaj-te-dielen-do-ta-shkruajme-historine-e-kosoves/": 1, "https://insajderi.com/kurti-shpjegon-kuptimin-e-sloganit-dhe-simboliken-e-fjongove-te-kuqe/": 2, "https://insajderi.com/behramaj-a-po-kandidon-kurti-per-kryeredaktor-apo-kryeminister-te-kosoves/": 1}, "ldk": {"https://insajderi.com/deklarata-per-percarjet-familjare-nga-vv-ja-sqarohet-hoti/": 1, "https://insajderi.com/mustafa-hoti-eshte-personalitet-i-shquar-i-ditur-i-matur-dhe-i-sprovuar/": 9}, "nisma": {"https://insajderi.com/limaj-fton-prizrenin-te-rreshtohet-krah-clirimtareve/": 1}, "aak": {"https://insajderi.com/haradinaj-na-ka-humbur-durimi-me-serbine/": 1}, "akr": {"https://insajderi.com/permbyllet-periudha-e-votimit-permes-postes/": 1}, "psd": {}}}, "people": {"Kosovapress": {"kurti": {"https://kosovapress.com/perfundon-fushata-zgjedhore/": 1, "https://kosovapress.com/kurtishaj-fton-qytetaret-te-votojne-per-pdk-ne-diten-e-zgjedhjeve-me-14-shkurt/": 5, "https://kosovapress.com/hoxhaj-ne-vushtrri-qeveri-stabile-do-te-kete-vetem-duke-votuar-pdk-ne-me-numrin-134-me-te-tjeret-mund-te-keni-qeveri-per-50-dite/": 1, "https://kosovapress.com/limaj-me-14-shkurt-do-te-prishen-matematikat-e-atyre-qe-po-tentojne-te-shuajne-zerin-e-clirimtareve/": 1}, "kadri": {"https://kosovapress.com/hoxhaj-ne-prishtine-ne-e-bejme-historine-ne-lufte-dhe-ne-paqe-pdk-eshte-drita-qe-do-ta-rimekembe-kosoven/": 1, "https://kosovapress.com/hoxhaj-ne-vushtrri-qeveri-stabile-do-te-kete-vetem-duke-votuar-pdk-ne-me-numrin-134-me-te-tjeret-mund-te-keni-qeveri-per-50-dite/": 3}, "vjosa": {"https://kosovapress.com/osmani-ngushellon-familjen-sadiku/": 1}, "glauk": {}, "ramush": {}, "behgjet": {}, "dardan": {}, "fatmir": {"https://kosovapress.com/limaj-me-14-shkurt-do-te-prishen-matematikat-e-atyre-qe-po-tentojne-te-shuajne-zerin-e-clirimtareve/": 1}}, "Telegrafi": {"kurti": {"https://telegrafi.com/albin-kurti-kandidat-levizjes-vetevendosje-per-kryeminister-te-kosoves/?utm_source=zgjedhjet&utm_medium=zgjedhjet_module&utm_campaign=zgjedhjet_albin_kurti": 11, "https://telegrafi.com/kurti-flet-per-fjongot-e-kuqe-dhe-kuptimin-e-sloganit-krejt-dhe-drejt/": 5, "https://telegrafi.com/lista-e-aak-se-kandidatet-per-deputete/": 1, "https://telegrafi.com/lista-e-ldk-se-kandidatet-per-deputete/": 1, "https://telegrafi.com/lista-e-nismes-kandidatet-per-deputete/": 1, "https://telegrafi.com/lista-e-pdk-se-kandidatet-per-deputete/": 3, "https://telegrafi.com/lista-e-vetevendosjes-kandidatet-per-deputete/": 3, "https://telegrafi.com/haradinaj-ne-tubimin-permbylles-si-president-ti-kryej-punet-pa-e-pyetur-serbine/": 1, "https://telegrafi.com/aksioni-radhes-psd-se-e-quan-albin-kurtin-lider-suprem/": 1, "https://telegrafi.com/kurti-ne-po-vijme-te-jem-kryeminister-per-te-gjithe/": 3, "https://telegrafi.com/haradinaj-ne-lipjan-ndertojme-nje-kosove-te-forte-qe-garanton-jete-te-mire-per-te-gjithe-qytetaret-e-vendi/": 1, "https://telegrafi.com/mbarevajtja-e-zgjedhjeve-memorandum-bashkepunimi-ndermjet-institucioneve-per-nje-proces-te-lire-zgjedhor/": 1, "https://telegrafi.com/lvv-thote-se-organizata-boterore-e-internacionales-socialiste-eshte-ne-mbeshtetje-te-albin-kurtit/": 1, "https://telegrafi.com/dita-e-fundit-e-fushates-zgjedhore-per-dhjete-dite-nuk-u-respektuan-masat-anticovid-te-dielen-qytetaret-drejtohen-kutive-te-votimit/": 1, "https://telegrafi.com/parashikimi-agim-veliut-ldk-merr-31-deputete-lvv-27-pdk-25/": 1, "https://telegrafi.com/daut-haradinaj-pas-tubimit-rinine-e-aleances-urime-fitorja-e-14-shkurtit/": 2, "https://telegrafi.com/jeton-lajqi-vizite-ne-lagjet-e-mitrovices-se-veriut-14-shkurt-festojme-se-bashku/": 1, "https://telegrafi.com/sefaj-ne-pejen-e-femijerise-sime-gjeta-perkrahjen-e-qytetareve-qe-besojne-ne-shtet-ndertim/": 1, "https://telegrafi.com/zyberaj-kosova-ta-permbylle-brenda-tre-muajsh-problemin-e-njohjes-nga-serbia/": 1, "https://telegrafi.com/pdk-permbyll-fushaten-ne-peje-hoxhaj-e-kuci-flasin-per-rolin-dhe-kontributin-e-xhavit-halitit-per-clirimin-e-kosoves/": 1, "https://telegrafi.com/kurti-videomesazh-fton-qytetaret-te-dalin-ne-zgjedhje-cdo-vote-eshte-jetike/": 6, "https://telegrafi.com/bekim-koxha-nga-nisma-flet-per-synimet-e-tij-nese-ti-besohet-vota-per-tu-bere-deputet/": 1}, "kadri": {"https://telegrafi.com/lista-e-aak-se-kandidatet-per-deputete/": 2, "https://telegrafi.com/lista-e-nismes-kandidatet-per-deputete/": 4, "https://telegrafi.com/lista-e-pdk-se-kandidatet-per-deputete/": 2, "https://telegrafi.com/hoxhaj-per-die-presse-qeveria-ime-te-jete-proevropiane-dhe-properendimore/": 1, "https://telegrafi.com/hoxhaj-nga-mitrovica-te-bashkuar-ta-bejme-te-madhe-fitoren-e-pdk-se-per-hashim-thacin-e-kadri-veselin/": 2, "https://telegrafi.com/pdk-permbyll-fushaten-ne-peje-hoxhaj-e-kuci-flasin-per-rolin-dhe-kontributin-e-xhavit-halitit-per-clirimin-e-kosoves/": 1}, "vjosa": {"https://telegrafi.com/vjosa-osmani-kandidate-per-presidente-te-kosoves/?utm_source=zgjedhjet&utm_medium=zgjedhjet_module&utm_campaign=zgjedhjet_vjosa_osmani": 4, "https://telegrafi.com/lista-e-nismes-kandidatet-per-deputete/": 1, "https://telegrafi.com/lista-e-vetevendosjes-kandidatet-per-deputete/": 1, "https://telegrafi.com/lslami-mesazhi-fuqishem-qe-mund-tia-dergojme-vuciqit-eshte-vota-per-ramushin-president/": 2}, "glauk": {"https://telegrafi.com/lista-e-vetevendosjes-kandidatet-per-deputete/": 1}, "ramush": {"https://telegrafi.com/ramush-haradinaj-kandidat-aleances-per-ardhmerine-e-kosoves-per-president/?utm_source=zgjedhjet&utm_medium=zgjedhjet_module&utm_campaign=zgjedhjet_ramush_haradinaj": 9, "https://telegrafi.com/lista-e-aak-se-kandidatet-per-deputete/": 2, "https://telegrafi.com/haradinaj-ne-tubimin-permbylles-si-president-ti-kryej-punet-pa-e-pyetur-serbine/": 1, "https://telegrafi.com/lslami-mesazhi-fuqishem-qe-mund-tia-dergojme-vuciqit-eshte-vota-per-ramushin-president/": 8, "https://telegrafi.com/haradinaj-ne-lipjan-ndertojme-nje-kosove-te-forte-qe-garanton-jete-te-mire-per-te-gjithe-qytetaret-e-vendi/": 1, "https://telegrafi.com/aak-vuciqin-e-kap-ankthi-nga-kandidatura-e-haradinajt-per-president/": 1}, "behgjet": {"https://telegrafi.com/lista-e-ldk-se-kandidatet-per-deputete/": 1}, "dardan": {"https://telegrafi.com/lista-e-aak-se-kandidatet-per-deputete/": 1, "https://telegrafi.com/lslami-mesazhi-fuqishem-qe-mund-tia-dergojme-vuciqit-eshte-vota-per-ramushin-president/": 1}, "fatmir": {"https://telegrafi.com/fatmir-limaj-kandidat-partise-nisma-socialdemokrate-per-kryeminister/?utm_source=zgjedhjet&utm_medium=zgjedhjet_module&utm_campaign=zgjedhjet_fatmir_limaj": 5, "https://telegrafi.com/lista-e-aak-se-kandidatet-per-deputete/": 3, "https://telegrafi.com/lista-e-nismes-kandidatet-per-deputete/": 4, "https://telegrafi.com/lista-e-pdk-se-kandidatet-per-deputete/": 1, "https://telegrafi.com/lista-e-vetevendosjes-kandidatet-per-deputete/": 2, "https://telegrafi.com/11-arsyet-pse-vendi-ka-nevoje-per-nje-deputet-si-bekim-brestovci/": 1, "https://telegrafi.com/bekim-koxha-nga-nisma-flet-per-synimet-e-tij-nese-ti-besohet-vota-per-tu-bere-deputet/": 1}}, "GazetaExpress": {"kurti": {"https://www.gazetaexpress.com/doberdolani-i-suharekes-i-thote-fuqishem-po-kauzes-se-limajt-me-clirimtaret/": 2, "https://www.gazetaexpress.com/perkrahje-e-madhe-per-meliza-haradinaj-stublla-ne-prishtine-e-obiliq/": 1, "https://www.gazetaexpress.com/hoxhaj-ne-prishtine-te-dielen-se-bashku-do-ta-shkruajme-nje-faqe-te-re-ne-historine-e-kosoves/": 1, "https://www.gazetaexpress.com/e-tere-vushtrria-me-pdk-ne/": 1, "https://www.gazetaexpress.com/limaj-e-mbylle-fushaten-me-nje-tubim-madheshtor-me-perkrahesit-e-nisme%cc%88s-ne%cc%88-prizren/": 1, "https://www.gazetaexpress.com/shala-fitorja-jone-befasuese-ka-emer-hashim-thaci-e-kadri-veseli/": 2, "https://www.gazetaexpress.com/albin-kurti-edhe-vjosa-osmani-injorohen-totalisht-ne-fshatin-e-burim-berishes/": 2, "https://www.gazetaexpress.com/haradinaj-ne-tubimin-permbylles-si-president-do-ti-kryej-punet-pa-e-pyetur-serbine/": 1, "https://www.gazetaexpress.com/partia-konservatore-dhe-reformiste-evropiane-pdk-ka-luajtur-rol-te-rendesishem-ne-historine-e-kosoves-qe-nga-pavaresia/": 1, "https://www.gazetaexpress.com/xhavit-haliti-pdk-del-e-para-ne-zgjedhjet-e-14-shkurtit/": 2, "https://www.gazetaexpress.com/kurti-ne-jemi-bashke-per-te-mire-ish-pushtetaret-per-te-vjedhur/": 3, "https://www.gazetaexpress.com/haradinaj-stublla-merr-mbeshtetje-te-forte-ne-shtime/": 1, "https://www.gazetaexpress.com/enver-hoxhaj-ben-thirrje-te-votohet-dr-skender-ukaj/": 1, "https://www.gazetaexpress.com/hoxhaj-ne-mitrovice-pdk-ja-e-ngrit-vetem-flamurin-e-shtetit-te-kosoves-nuk-e-lejojme-askend-te-instaloje-sistem-autoritar/": 1, "https://www.gazetaexpress.com/limaj-i-pandalshem-vetem-sot-mobilizoi-10-dege%cc%88-te%cc%88-nismes-per-zgjedhjet-e-14-shkurtit/": 2, "https://www.gazetaexpress.com/pdk-permbyll-fushaten-ne-peje-hoxhaj-e-kuci-flasin-per-rolin-dhe-kontributin-e-xhavit-halitit-per-clirimin-e-kosoves/": 1, "https://www.gazetaexpress.com/hoxhaj-ne-peje-goditjen-e-rende-e-kthyem-ne-force-me-14-shkurt-bashke-do-ta-rimekembim-kosoven/": 1, "https://www.gazetaexpress.com/zyberaj-me-numer-44-ne-listen-e-ldkse-brenda-tre-muajsh-e-permbyllet-njohja-nga-serbia/": 1, "https://www.gazetaexpress.com/gazeta-amerikane-biden-duhet-te-zgjedhe-mes-pragmatistit-hoxhaj-dhe-populistit-kurti/": 20, "https://www.gazetaexpress.com/limaj-e-nis-dite-duke-ngrene-mengjes-me-strukturat-e-nismes-ne-fushe-kosove/": 1, "https://www.gazetaexpress.com/limaj-thote-se-per-nismen-nuk-ka-teme-me-te-rendesishme-se-sa-mbrojtja-e-vlerave-kombetare/": 1, "https://www.gazetaexpress.com/memli-krasniqi-vv-po-i-rrahe-qytetaret-nuk-bashkepunojme-me-parti-te-dhunes-ge/": 3, "https://www.gazetaexpress.com/miqte-dhe-bashkepunetoret-mbeshtesin-fuqishem-adelina-grainca/": 1, "https://www.gazetaexpress.com/bekim-haxhiu-me-flamurin-uck-se-e-ngrite-ne-kembe-drenicen-festa-e-fitores-se%cc%88-pdk-se%cc%88-pe%cc%88r-zgjedhjet-e-14-shkurtit-ka-filluar-qe%cc%88-sot-ne%cc%88-drenice%cc%88/": 3, "https://www.gazetaexpress.com/hoxhaj-pdk-ja-po-rilind-si-me-2007-i-gatshem-me-ekipin-ta-udheheqi-rimekembjen/": 3, "https://www.gazetaexpress.com/xhavit-haliti-pritet-me-entuziazem-te-madh-ne-vendlindje/": 1}, "kadri": {"https://www.gazetaexpress.com/lladrovci-jep-mesazhin-per-votime/": 1, "https://www.gazetaexpress.com/krasniqi-liria-dhe-pavaresia-nuk-mund-te-zhbehen-per-teke-te-askujt-pdk-do-tia-rimekembe-dinjitetin-kosoves/": 1, "https://www.gazetaexpress.com/djali-i-kadri-veselit-per-enver-hoxhajn-nje-njeri-i-cili-kur-qielli-u-mbush-me-re-te-zeza-mori-pergjegjesine-dhe-na-dha-ate-drite-shprese/": 2, "https://www.gazetaexpress.com/hoxhaj-ne-prishtine-te-dielen-se-bashku-do-ta-shkruajme-nje-faqe-te-re-ne-historine-e-kosoves/": 1, "https://www.gazetaexpress.com/shala-fitorja-jone-befasuese-ka-emer-hashim-thaci-e-kadri-veseli/": 8, "https://www.gazetaexpress.com/hoxha-publikon-fotografi-me-gruan-dhe-djalin-e-kadri-veselit-dje-sot-neser-pergjithmone-se-bashku-me-kryetarin-veseli/": 4, "https://www.gazetaexpress.com/kadriu-tani-eshte-koha-per-haradinajn-president/": 4, "https://www.gazetaexpress.com/enver-hoxhaj-publikon-nje-video-emocionunese-nje-rrugetim-qe-ne-themel-ka-dashurine-per-kosoven/": 1, "https://www.gazetaexpress.com/hoxhaj-ne-shtypin-austriak-pdk-dhe-kosova-u-goditen-thaci-e-veseli-ben-lufte-te-drejte/": 3, "https://www.gazetaexpress.com/hoxhaj-per-die-presse-qeveria-ime-do-te-jene-proevropiane-dhe-properendimore/": 1, "https://www.gazetaexpress.com/familjaret-e-kadri-veselit-perkrah-enver-hoxhajt-ne-tubimin-e-pdk-se/": 6, "https://www.gazetaexpress.com/hoxhaj-ne-mitrovice-pdk-ja-e-ngrit-vetem-flamurin-e-shtetit-te-kosoves-nuk-e-lejojme-askend-te-instaloje-sistem-autoritar/": 1, "https://www.gazetaexpress.com/enver-hoxhaj-elektrizon-qytetin-e-kadri-veselit-mitrovicen-askush-smunde-ta-rishkruaje-historine-e-kosoves/": 3, "https://www.gazetaexpress.com/pdk-permbyll-fushaten-ne-peje-hoxhaj-e-kuci-flasin-per-rolin-dhe-kontributin-e-xhavit-halitit-per-clirimin-e-kosoves/": 1, "https://www.gazetaexpress.com/bekim-haxhiu-me-flamurin-uck-se-e-ngrite-ne-kembe-drenicen-festa-e-fitores-se%cc%88-pdk-se%cc%88-pe%cc%88r-zgjedhjet-e-14-shkurtit-ka-filluar-qe%cc%88-sot-ne%cc%88-drenice%cc%88/": 1, "https://www.gazetaexpress.com/hoxhaj-ne-skenderaj-duke-votuar-pdk-ne-me-numrin-134-per-rimekembje-u-thoni-jo-atyre-qe-vijne-me-njesi-speciale-ne-drenice/": 3}, "vjosa": {"https://www.gazetaexpress.com/albin-kurti-edhe-vjosa-osmani-injorohen-totalisht-ne-fshatin-e-burim-berishes/": 1, "https://www.gazetaexpress.com/kurti-ne-jemi-bashke-per-te-mire-ish-pushtetaret-per-te-vjedhur/": 4}, "glauk": {}, "ramush": {"https://www.gazetaexpress.com/haradinaj-stublla-ramushi-presidenti-i-vi-i-republikes/": 4, "https://www.gazetaexpress.com/haradinaj-ne-tubimin-permbylles-si-president-do-ti-kryej-punet-pa-e-pyetur-serbine/": 1, "https://www.gazetaexpress.com/kadriu-tani-eshte-koha-per-haradinajn-president/": 3, "https://www.gazetaexpress.com/haradinaj-ne-lipjan-do-ndertojme-nje-kosove-te-forte-qe-garanton-jete-te-mire-per-te-gjithe-qytetaret-e-vendit/": 1, "https://www.gazetaexpress.com/haradinaj-viziton-bik-un-pe%cc%88rpjekjet-tona-pe%cc%88r-liri-e-pavare%cc%88si-kane%cc%88-njohur-kontributin-e-prije%cc%88sve-fetare%cc%88/": 1, "https://www.gazetaexpress.com/haradinaj-finalja-e-perballjes-me-serbine-kerkon-vizionin-e-adem-jasharit-dhe-clirimtareve/": 1, "https://www.gazetaexpress.com/haradinaj-stublla-mbeshtetja-e-aleances-eshte-mbeshtetje-per-kauzen-e-kosoves/": 2, "https://www.gazetaexpress.com/drenica-ne-mbeshtetje-te-fuqishme-per-haradinajn-president/": 2, "https://www.gazetaexpress.com/ejupi-hajzeraj-grate-forca-e-kosoves/": 1, "https://www.gazetaexpress.com/isufi-sondazhet-e-porositura-nuk-mund-ta-bindin-qytetarin-per-vote-eshte-programi-qe-do-ta-binde-popullin/": 2, "https://www.gazetaexpress.com/haradinaj-me-tubim-madheshtor-nga-juniku-me-mua-president-uck-sdo-te-mbetet-jetim-2/": 1, "https://www.gazetaexpress.com/haradinaj-me-tubim-madheshtor-nga-juniku-me-mua-president-uck-sdo-te-mbetet-jetim/": 1, "https://www.gazetaexpress.com/haradinaj-pe%cc%88r-programin-e-aleance%cc%88s-e-pe%cc%88lqejne%cc%88-edhe-rivale%cc%88t-prandaj-po-e-kopjojne%cc%88/": 1, "https://www.gazetaexpress.com/haradinaj-stublla-nga-peja-ju-po-e-beni-kosoven-me-president-e-komandant-suprem/": 2}, "behgjet": {"https://www.gazetaexpress.com/behgjet-pacolli-ben-homazhe-te-varri-i-fadil-vokrrit/": 3, "https://www.gazetaexpress.com/pacolli-me-jetlirin-punoj-qe-12-vite-punuam-se-bashku-ne-fuqizimin-nderkombetar-te-kosoves/": 2}, "dardan": {}, "fatmir": {"https://www.gazetaexpress.com/mesazhi-i-fundit-i-limajt-para-heshtjes-zgjedhore-faleminderit-nga-zemra-qe%cc%88-jeni-rreshtuar-pas-numrit-121/": 1, "https://www.gazetaexpress.com/doberdolani-i-suharekes-i-thote-fuqishem-po-kauzes-se-limajt-me-clirimtaret/": 1, "https://www.gazetaexpress.com/limaj-e-mbylle-fushaten-me-nje-tubim-madheshtor-me-perkrahesit-e-nisme%cc%88s-ne%cc%88-prizren/": 1, "https://www.gazetaexpress.com/limaj-i-pandalshem-vetem-sot-mobilizoi-10-dege%cc%88-te%cc%88-nismes-per-zgjedhjet-e-14-shkurtit/": 1, "https://www.gazetaexpress.com/sherifi-ramiz-lladrovci-betejat-e-limajt-gjate%cc%88-luftes-ka-mund-ti-sheh-bashke%cc%88-me-mua-me-dylbi-nga-tirana/": 2, "https://www.gazetaexpress.com/limaj-nga-lidhja-e-prizrenit-shihemi-me-14-shkurt-ne-diten-e-fitores-se-clirimtareve/": 1, "https://www.gazetaexpress.com/limaj-e-nis-dite-duke-ngrene-mengjes-me-strukturat-e-nismes-ne-fushe-kosove/": 1, "https://www.gazetaexpress.com/limaj-thote-se-per-nismen-nuk-ka-teme-me-te-rendesishme-se-sa-mbrojtja-e-vlerave-kombetare/": 1}}, "Koha": {"kurti": {"https://www.koha.net/arberi/258356/loshi-kosova-ende-ka-kohe-qe-te-ofroje-prova-per-krimet-e-serbise/": 3, "https://www.koha.net/arberi/258349/kronika-zgjedhore-ose-aak-ja-e-mbyll-fushaten-me-premtimin-per-referendum-rreth-bashkimit-me-shqiperine/": 1, "https://www.koha.net/arberi/258345/kronika-zgjedhoreose-vetevendosje-kerkon-mbi-51-per-qind-te-votave/": 10, "https://www.koha.net/arberi/258311/hoti-qeverisem-me-duar-te-pastra-ldk-ja-ka-kulture-demokratike/": 1, "https://www.koha.net/arberi/258309/limaj-i-ben-thirrje-bashkeluftetareve-ta-votojne-e-keni-njeriun-qe-ua-do-zemra/": 2, "https://www.koha.net/arberi/258290/hoxhaj-fitorja-jone-do-te-jete-e-madhe/": 2, "https://www.koha.net/arberi/258283/glps-programet-e-partive-kryesore-te-mangeta-te-paelaboruara-dhe-jokonkrete/": 1, "https://www.koha.net/arberi/258267/osmani-me-14-shkurt-pensionohen-politikanet-qe-thone-se-qytetari-nuk-vendos/": 8, "https://www.koha.net/arberi/258259/haradinaj-ne-lipjan-zotohet-per-nje-kosove-te-forte-dhe-te-sigurt/": 1, "https://www.koha.net/arberi/258238/arrijne-ne-kosove-fletevotimet-per-zgjedhjet-e-se-dieles-afro-10-me-pak-se-numri-i-votuesve/": 2, "https://www.koha.net/arberi/258216/kronika-zgjedhoreose-kurti-100-milione-euro-grante-dhe-subvencione-do-tu-ndahen-fermereve/": 14, "https://www.koha.net/arberi/258214/kronika-zgjedhoreose-limaj-me-14-shkurt-shumekush-do-te-befasohet-me-rezultatin/": 3, "https://www.koha.net/arberi/258213/kronika-zgjedhoreose-hoti-zotohet-se-do-ta-ktheje-prishtinen-ne-nyje-strategjike-per-rajonin/": 1}, "kadri": {"https://www.koha.net/arberi/258290/hoxhaj-fitorja-jone-do-te-jete-e-madhe/": 3, "https://www.koha.net/arberi/258215/kronika-zgjedhoreose-hoxhaj-demokracia-eshte-ne-pikepyetje-vetem-pdk-ja-mund-ta-dergoje-kosoven-perpara/": 4}, "vjosa": {"https://www.koha.net/arberi/258356/loshi-kosova-ende-ka-kohe-qe-te-ofroje-prova-per-krimet-e-serbise/": 1, "https://www.koha.net/arberi/258349/kronika-zgjedhore-ose-aak-ja-e-mbyll-fushaten-me-premtimin-per-referendum-rreth-bashkimit-me-shqiperine/": 2, "https://www.koha.net/arberi/258345/kronika-zgjedhoreose-vetevendosje-kerkon-mbi-51-per-qind-te-votave/": 2, "https://www.koha.net/arberi/258309/limaj-i-ben-thirrje-bashkeluftetareve-ta-votojne-e-keni-njeriun-qe-ua-do-zemra/": 1, "https://www.koha.net/arberi/258267/osmani-me-14-shkurt-pensionohen-politikanet-qe-thone-se-qytetari-nuk-vendos/": 2, "https://www.koha.net/arberi/258216/kronika-zgjedhoreose-kurti-100-milione-euro-grante-dhe-subvencione-do-tu-ndahen-fermereve/": 3}, "glauk": {}, "ramush": {"https://www.koha.net/arberi/258349/kronika-zgjedhore-ose-aak-ja-e-mbyll-fushaten-me-premtimin-per-referendum-rreth-bashkimit-me-shqiperine/": 2, "https://www.koha.net/arberi/258313/programe-te-pashtjelluara-e-premtime-pertej-mundesive-buxhetore/": 1, "https://www.koha.net/arberi/258259/haradinaj-ne-lipjan-zotohet-per-nje-kosove-te-forte-dhe-te-sigurt/": 3}, "behgjet": {}, "dardan": {"https://www.koha.net/arberi/258349/kronika-zgjedhore-ose-aak-ja-e-mbyll-fushaten-me-premtimin-per-referendum-rreth-bashkimit-me-shqiperine/": 1}, "fatmir": {"https://www.koha.net/arberi/258354/kronika-zgjedhoreose-limaj-fton-prizrenin-te-rreshtohet-krah-clirimtareve/": 4, "https://www.koha.net/arberi/258309/limaj-i-ben-thirrje-bashkeluftetareve-ta-votojne-e-keni-njeriun-qe-ua-do-zemra/": 1, "https://www.koha.net/arberi/258214/kronika-zgjedhoreose-limaj-me-14-shkurt-shumekush-do-te-befasohet-me-rezultatin/": 6}}, "Indeksonline": {"kurti": {"https://indeksonline.net/hoti-permes-nje-videoje-falenderon-qytetaret/": 2, "https://indeksonline.net/mjaki-i-ldk-se-e-mbyll-fushaten-me-nje-mobilizim-te-jashtezakonshem-te-qytetareve/": 1, "https://indeksonline.net/kurti-per-vaksinen-anti-covid-do-ta-sigurojme-permes-be-se/": 4, "https://indeksonline.net/rinia-e-gjilanit-vulosi-fitoren-e-madhe-te-ldk-se-1/": 2, "https://indeksonline.net/bekim-haxhiu-kamishi-ia-sjell-pdkse-te-gjithe-strukturen-e-nismes-ne-komoran-1/": 1, "https://indeksonline.net/ukaj-thirrje-qytetareve-dilni-te-dielen-ne-zgjedhje-e-respektoni-masat-anti-covid/": 2, "https://indeksonline.net/asllanaj-ldk-e%cc%88shte%cc%88-e-vetmja-qe%cc%88-ruan-miqe%cc%88sine%cc%88-me-shba-te%cc%88/": 1, "https://indeksonline.net/tubimet-zgjedhore-inspeksoni-ne-prishtine-deri-sot-ka-shqiptuar-20-gjoba-per-subjektet-politike/": 2, "https://indeksonline.net/doberdolani-i-suharekes-i-thote-fuqishem-po-kauzes-se-limajt-me-clirimtaret/": 3, "https://indeksonline.net/hyseni-i-vv-se-ben-thirrje-te-dielen-dilni-ne-zgjedhje-votoni-per-ndryshimin/": 2, "https://indeksonline.net/xhavit-haliti-permend-disa-arsye-te-forta-se-pse-duhet-votuar-pdk-ne-me-14-shkurt/": 1, "https://indeksonline.net/kurtishaj-mirenjohes-per-perkrahjen-qe-ka-nga-rinia-1/": 5, "https://indeksonline.net/perkrahje-e-madhe-per-meliza-haradinaj-stublla-ne-prishtine-e-obiliq/": 2, "https://indeksonline.net/kica-e-guxo-dilni-te-dielen-me-14-shkurt-masovikisht-le-te-jete-mobilizimi-juaj-mesazhi-me-i-fuqishem-kunder-keq-qeverisjes/": 1, "https://indeksonline.net/mesazhi-falenderues-i-kandidates-qe-ze-krahun-e-djathte-te-vjosa-osmani/": 1, "https://indeksonline.net/lutfi-haziri-ky-eshte-gjaku-zemra-e-oksigjeni-i-ldk-se-ne-dardanine-e-rezistences-per-lirine-e-shqiptareve-1/": 2, "https://indeksonline.net/haradinaj-na-ka-humbur-durimi-per-20-vjet-nuk-mbesim-me-te-bllokuar-nga-serbia-1/": 1, "https://indeksonline.net/krasniqi-liria-dhe-pavaresia-nuk-mund-te-zhbehen-per-teke-te-askujt-pdk-do-tia-rimekembe-dinjitetin-kosoves/": 1, "https://indeksonline.net/hoxhaj-ne-tubim-ne-prishtine-te-dielen-se-bashku-do-ta-shkruajme-nje-faqe-te-re-ne-historine-e-kosoves-1/": 2, "https://indeksonline.net/berisha-vizioni-yne-politik-eshte-zgjedhja-me-e-mire-per-kosoven/": 1, "https://indeksonline.net/kurti-qytetaret-duhet-te-dalin-krejt-ne-zgjedhje/": 9, "https://indeksonline.net/tahiri-mos-hiqni-dore-nga-qeverisja-e-mire-kete-e-deshmon-aleanca/": 1, "https://indeksonline.net/zyberaj-une-jam-per-veprim-per-pune-ne-parlament-do-prezantoj-vizionin-politik-e-ekonomik-te-listes-ldk-akr/": 1, "https://indeksonline.net/haradinaj-stublla-denoncoi-krimet-e-kryera-nga-serbia-para-botes/": 1, "https://indeksonline.net/musliu-shoshi-ne-podujeve-atmosfere-triumfuese-dhe-ngazellyese-per-fitoren-e-pdk-se-qe-do-te-vendoset-nga-qytetaret-kete-te-diele/": 1, "https://indeksonline.net/krasniqi-mashtruesve-e-demagogeve-duhet-te-ua-mshelim-deren-njehere-e-pergjithmone/": 1, "https://indeksonline.net/ne-tubimin-permbylles-te-pdk-se-edhe-familja-e-kadri-veselit-dhe-hashim-thacit/": 2, "https://indeksonline.net/likaj-jam-i-gatshem-te-marr-pergjegjesi-te-reja-aty-ku-merren-vendimet-e-medha/": 1, "https://indeksonline.net/lvv-mbyll-fushaten-zgjedhor-ndriqon-qiellin-e-kosoves-me-127-fanar/": 2, "https://indeksonline.net/asllanaj-bizneset-e-suharkes-storje-suksesi-per-te-gjithe-vendin-gjersa-e-ardhmja-eshte-ne-duart-e-rinise/": 1, "https://indeksonline.net/vjen-reagimi-i-daut-haradinajt-per-tubimin-madheshtor-permbylles-ne-prishtine/": 1, "https://indeksonline.net/mbeshtetje-e-madhe-per-doktorin-dhe-humanistin-rrustem-musa/": 1}, "kadri": {"https://indeksonline.net/krasniqi-liria-dhe-pavaresia-nuk-mund-te-zhbehen-per-teke-te-askujt-pdk-do-tia-rimekembe-dinjitetin-kosoves/": 1, "https://indeksonline.net/hoxhaj-ne-tubim-ne-prishtine-te-dielen-se-bashku-do-ta-shkruajme-nje-faqe-te-re-ne-historine-e-kosoves-1/": 1, "https://indeksonline.net/ne-tubimin-permbylles-te-pdk-se-edhe-familja-e-kadri-veselit-dhe-hashim-thacit/": 4}, "vjosa": {"https://indeksonline.net/mesazhi-falenderues-i-kandidates-qe-ze-krahun-e-djathte-te-vjosa-osmani/": 4}, "glauk": {}, "ramush": {"https://indeksonline.net/haradinaj-na-ka-humbur-durimi-per-20-vjet-nuk-mbesim-me-te-bllokuar-nga-serbia-1/": 1, "https://indeksonline.net/tahiri-mos-hiqni-dore-nga-qeverisja-e-mire-kete-e-deshmon-aleanca/": 2, "https://indeksonline.net/likaj-jam-i-gatshem-te-marr-pergjegjesi-te-reja-aty-ku-merren-vendimet-e-medha/": 2, "https://indeksonline.net/vjen-reagimi-i-daut-haradinajt-per-tubimin-madheshtor-permbylles-ne-prishtine/": 1}, "behgjet": {}, "dardan": {"https://indeksonline.net/lutfi-haziri-ky-eshte-gjaku-zemra-e-oksigjeni-i-ldk-se-ne-dardanine-e-rezistences-per-lirine-e-shqiptareve-1/": 5, "https://indeksonline.net/berisha-vizioni-yne-politik-eshte-zgjedhja-me-e-mire-per-kosoven/": 2}, "fatmir": {"https://indeksonline.net/doberdolani-i-suharekes-i-thote-fuqishem-po-kauzes-se-limajt-me-clirimtaret/": 1}}, "BotaSot": {"kurti": {"https://www.botasot.info//aktuale-lajme/1509457/pacarizi-sa-i-perket-debateve-partite-politike-u-dorezuan-dhe-ndoqen-rregullat-e-lojes-se-vv-se/": 2, "https://www.botasot.info//politika-lajme/1509449/posti-i-presidentit-vendoset-nga-zarfi-analisti-tregon-skenarin-pas-14-shkurtit/": 2, "https://www.botasot.info//aktuale-lajme/1509439/kandidatet-per-deputete-i-kerkojne-me-sms-qytetareve-voten-ja-deshmia/": 1, "https://www.botasot.info//aktuale-lajme/1509436/nuk-iu-lejua-kandidimi-per-deputet-kurti-ka-keto-fjale-per-daken/": 4, "https://www.botasot.info//aktuale-lajme/1509435/intervista-e-albin-kurtit-dhe-vjosa-osmanit-vjen-reagimi-nga-ldk-dobet-pa-pasion-edhe-pa-guxim-cka-po-ndodhe-me-ju/": 2, "https://www.botasot.info//aktuale-lajme/1509434/kurti-pdk-ka-probleme-perbrenda-me-sami-lushtakun/": 4, "https://www.botasot.info//aktuale-lajme/1509432/arianit-koci-ka-nje-thirrje-per-kryeministrin-e-ardhshem-te-kosoves/": 1, "https://www.botasot.info//aktuale-lajme/1509428/sibel-halimi-u-be-tradite-qe-partite-politike-gjate-fushates-i-rikthehen-te-kaluares/": 1, "https://www.botasot.info//politika-lajme/1509423/parashikimi-me-i-fundit-i-analistit-ky-do-te-jete-koalicioni-qe-do-te-qeverise-me-vendin-ndash-ja-emri-per-president-qe-mund-ta-zgjidh-ngercin/": 2, "https://www.botasot.info//aktuale-lajme/1509421/perfundon-fushata-per-zgjedhjet-e-se-dieles-ne-kosove-ja-cka-shkruan-voa/": 2, "https://www.botasot.info//aktuale-lajme/1509420/osmani-ne-ditet-e-para-te-qeverisjes-do-te-miratohet-ligji-anti-mafia-qe-konfiskon-pasurite-e-fituara-jashteligjshem/": 1, "https://www.botasot.info//aktuale-lajme/1509403/e-krahasuan-me-tha-in-ky-eshte-reagimi-i-albin-kurtit/": 3, "https://www.botasot.info//aktuale-lajme/1509399/ku-dallojne-dhe-sa-pajtohen-kurti-e-osmani-flasin-per-njeri-tjetrin/": 3, "https://www.botasot.info//aktuale-lajme/1509397/pse-e-refuzoi-debatin-me-enver-hoxhajn-e-pdk-se-flet-albin-kurti/": 4, "https://www.botasot.info//aktuale-lajme/1509393/kurti-flet-per-marredheniet-me-shba-te/": 4, "https://www.botasot.info//aktuale-lajme/1509390/perplasen-profesoret-per-fotografite-e-tubimeve-te-vvse/": 1, "https://www.botasot.info//aktuale-lajme/1509386/kurti-trump-dhe-biden-nuk-mund-te-krahasohen/": 2, "https://www.botasot.info//aktuale-lajme/1509385/ja-si-i-komenton-vjosa-osmani-grafitet-ku-glauk-konjufca-shfaqet-i-pari-ne-liste/": 2, "https://www.botasot.info//aktuale-lajme/1509383/kurti-paralajmeron-vendosjen-e-reciprocitetit-ndaj-serbise/": 3, "https://www.botasot.info//aktuale-lajme/1509382/kurti-e-domosdoshme-qe-ti-kemi-61-deputete-qe-ta-funksionalizojme-qeverisjen/": 2, "https://www.botasot.info//aktuale-lajme/1509378/slogani-krejt-dhe-drejt-ja-cili-eshte-shpjegimi-i-albin-kurtit/": 4, "https://www.botasot.info//aktuale-lajme/1509376/osmani-qytetaret-nuk-kane-frike-nga-ne-prandaj-na-besojne-aq-shume/": 2, "https://www.botasot.info//aktuale-lajme/1509371/albin-kurti-ka-nje-paralajmerim-per-serbine-ky-eshte-vendimi-qe-do-ta-merr-si-kryeminister/": 41, "https://www.botasot.info//aktuale-lajme/1509364/ka-ardhur-koha-per-vetevendosjen-i-vjen-mbeshtetja-e-radhes-nga-gjermania-albin-kurtit/": 5, "https://www.botasot.info//aktuale-lajme/1509363/reagon-sallahu-i-vv-se-pdk-po-nxit-urrejtje-ndaj-albin-kurtit-gjobitet-me-8-mije-euro/": 2, "https://www.botasot.info//aktuale-lajme/1509362/ish-keshilltari-i-thacit-tallet-me-kurtin-a-po-kandidon-per-kryeredaktor-apo-kryeminister-te-kosoves/": 3, "https://www.botasot.info//aktuale-lajme/1509356/kim-mehmeti-ja-nga-kush-do-te-sulmohet-fort-albin-kurti-nese-fiton/": 6, "https://www.botasot.info//politika-lajme/1509341/po-vjen-fundi-i-hajnave/": 1, "https://www.botasot.info//aktuale-lajme/1509337/dhl-do-te-importoje-pako-me-vota-edhe-te-shtunen-ndash-kqz-nuk-i-pranon/": 1, "https://www.botasot.info//aktuale-lajme/1509319/bashkepunetori-i-ngushte-i-nasim-haradinajt-befason-me-parashikimin-vv-ne-e-vendos-te-dyten-e-ldk-ne-te-treten/": 1, "https://www.botasot.info//aktuale-lajme/1509300/te-dielen-1-8-milione-qytetare-zgjedhin-parlamentin-e-ri/": 4, "https://www.botasot.info//aktuale-lajme/1509290/tusk-thote-se-ldk-ja-ka-aftesite-e-nevojshme-qeverisese-dhe-pervojen-e-udheheqjes-ky-eshte-reagimi-avdullah-hotit/": 1, "https://www.botasot.info//aktuale-lajme/1509286/vjosa-osmani-dhe-glauk-konjufca-analisti-nga-amerika-thote-se-kurti-po-i-zhvillon-dy-referendume-ndash-ja-ke-e-preferon-kreu-i-vv-se/": 4, "https://www.botasot.info//aktuale-lajme/1509272/kembengul-isa-mustafa-ldk-garon-per-fitore-me-14-shkurt/": 1, "https://www.botasot.info//aktuale-lajme/1509262/rakic-ne-zgjedhje-zgjedhim-dorezimin-apo-ekzistencen/": 1, "https://www.botasot.info//aktuale-lajme/1509243/osmani-per-cnn-drejtesia-per-viktimat-e-luftes-parakusht-per-avancim-te-raporteve-me-serbine/": 5, "https://www.botasot.info//aktuale-lajme/1509229/shpetuesit-e-qytetareve-te-kosoves-jane-albin-kurti-dhe-vjosa-osmani/": 5, "https://www.botasot.info//lajme/1509226/rama-armend-mujes-pasi-te-behesh-minister-do-detaje-duhet-me-i-dite-opinioni/": 1}, "kadri": {"https://www.botasot.info//aktuale-lajme/1509370/mberrijne-ne-kosove-votat-e-hashim-thacit-dhe-kadri-veselit/": 2, "https://www.botasot.info//aktuale-lajme/1509366/endrit-tha-i-merr-pjese-ne-fushaten-e-pdk-se-me-merr-malli-per-babin-dhe-axhen-kadri/": 2}, "vjosa": {"https://www.botasot.info//aktuale-lajme/1509489/haradinaj-stublla-njohja-dhe-ambasada-ne-izrael-ndash-te-koordinuara-me-administraten-e-vjeter-dhe-te-re/": 1, "https://www.botasot.info//aktuale-lajme/1509442/vjosa-osmani-kemi-kontraktuar-shtepine-ne-marigona-hill/": 1, "https://www.botasot.info//aktuale-lajme/1509440/vjosa-osmani-thote-se-per-ambasaden-ne-jerusalem-do-te-bisedojne-me-shba-ne/": 1, "https://www.botasot.info//aktuale-lajme/1509435/intervista-e-albin-kurtit-dhe-vjosa-osmanit-vjen-reagimi-nga-ldk-dobet-pa-pasion-edhe-pa-guxim-cka-po-ndodhe-me-ju/": 2, "https://www.botasot.info//aktuale-lajme/1509434/kurti-pdk-ka-probleme-perbrenda-me-sami-lushtakun/": 1, "https://www.botasot.info//aktuale-lajme/1509421/perfundon-fushata-per-zgjedhjet-e-se-dieles-ne-kosove-ja-cka-shkruan-voa/": 1, "https://www.botasot.info//aktuale-lajme/1509420/osmani-ne-ditet-e-para-te-qeverisjes-do-te-miratohet-ligji-anti-mafia-qe-konfiskon-pasurite-e-fituara-jashteligjshem/": 2, "https://www.botasot.info//aktuale-lajme/1509403/e-krahasuan-me-tha-in-ky-eshte-reagimi-i-albin-kurtit/": 1, "https://www.botasot.info//aktuale-lajme/1509399/ku-dallojne-dhe-sa-pajtohen-kurti-e-osmani-flasin-per-njeri-tjetrin/": 1, "https://www.botasot.info//aktuale-lajme/1509393/kurti-flet-per-marredheniet-me-shba-te/": 1, "https://www.botasot.info//aktuale-lajme/1509385/ja-si-i-komenton-vjosa-osmani-grafitet-ku-glauk-konjufca-shfaqet-i-pari-ne-liste/": 2, "https://www.botasot.info//aktuale-lajme/1509382/kurti-e-domosdoshme-qe-ti-kemi-61-deputete-qe-ta-funksionalizojme-qeverisjen/": 1, "https://www.botasot.info//aktuale-lajme/1509376/osmani-qytetaret-nuk-kane-frike-nga-ne-prandaj-na-besojne-aq-shume/": 1, "https://www.botasot.info//aktuale-lajme/1509371/albin-kurti-ka-nje-paralajmerim-per-serbine-ky-eshte-vendimi-qe-do-ta-merr-si-kryeminister/": 13, "https://www.botasot.info//politika-lajme/1509341/po-vjen-fundi-i-hajnave/": 1, "https://www.botasot.info//aktuale-lajme/1509300/te-dielen-1-8-milione-qytetare-zgjedhin-parlamentin-e-ri/": 2, "https://www.botasot.info//aktuale-lajme/1509291/vjosa-osmani-para-gazetares-me-te-famshme-ne-bote-vjen-reagimi-i-pare-per-paraqitjen-e-saj/": 4, "https://www.botasot.info//aktuale-lajme/1509286/vjosa-osmani-dhe-glauk-konjufca-analisti-nga-amerika-thote-se-kurti-po-i-zhvillon-dy-referendume-ndash-ja-ke-e-preferon-kreu-i-vv-se/": 1, "https://www.botasot.info//aktuale-lajme/1509243/osmani-per-cnn-drejtesia-per-viktimat-e-luftes-parakusht-per-avancim-te-raporteve-me-serbine/": 1, "https://www.botasot.info//aktuale-lajme/1509229/shpetuesit-e-qytetareve-te-kosoves-jane-albin-kurti-dhe-vjosa-osmani/": 4}, "glauk": {"https://www.botasot.info//aktuale-lajme/1509385/ja-si-i-komenton-vjosa-osmani-grafitet-ku-glauk-konjufca-shfaqet-i-pari-ne-liste/": 2, "https://www.botasot.info//aktuale-lajme/1509371/albin-kurti-ka-nje-paralajmerim-per-serbine-ky-eshte-vendimi-qe-do-ta-merr-si-kryeminister/": 3, "https://www.botasot.info//aktuale-lajme/1509286/vjosa-osmani-dhe-glauk-konjufca-analisti-nga-amerika-thote-se-kurti-po-i-zhvillon-dy-referendume-ndash-ja-ke-e-preferon-kreu-i-vv-se/": 3, "https://www.botasot.info//aktuale-lajme/1509275/letra-e-biden-analisti-analizon-situaten-dhe-jep-lajmin-e-mire-per-kosoven-ndash-godet-thacin-e-konjufcen/": 1}, "ramush": {"https://www.botasot.info//politika-lajme/1509423/parashikimi-me-i-fundit-i-analistit-ky-do-te-jete-koalicioni-qe-do-te-qeverise-me-vendin-ndash-ja-emri-per-president-qe-mund-ta-zgjidh-ngercin/": 1, "https://www.botasot.info//aktuale-lajme/1509421/perfundon-fushata-per-zgjedhjet-e-se-dieles-ne-kosove-ja-cka-shkruan-voa/": 2, "https://www.botasot.info//aktuale-lajme/1509300/te-dielen-1-8-milione-qytetare-zgjedhin-parlamentin-e-ri/": 1}, "behgjet": {}, "dardan": {"https://www.botasot.info//aktuale-lajme/1509407/sejdiu-lvv-duket-ndryshe-por-nuk-krijon-pershtypjen-se-do-te-qeverise-ndryshe/": 1}, "fatmir": {}}, "Reporteri": {"kurti": {"https://reporteri.net/zgjedhjet2021/376295/": 3, "https://reporteri.net/zgjedhjet2021/vjosa-osmani-e-pranon-se-kane-blere-shtepi-ne-marigona/": 4, "https://reporteri.net/zgjedhjet2021/arben-gashi-dobet-shoku-albin-e-shoqja-vjose-pa-program-pa-ide-pa-pasion-dhe-pa-guxim/": 5, "https://reporteri.net/zgjedhjet2021/berisha-e-aak-se-14-shkurti-eshte-data-e-vulosjes-se-ndryshimit/": 2, "https://reporteri.net/zgjedhjet2021/ironizon-gazetari-koci-armend-muja-eshte-maskuar-per-tu-dukur-kinse-eshte-shkullaku/": 6, "https://reporteri.net/zgjedhjet2021/kurti-do-ta-bejme-edhe-ligjin-anti-mafia/": 1, "https://reporteri.net/zgjedhjet2021/vjosa-osmani-asociacioni-me-kompetenca-ekzekutive-i-rrezikshem-sa-ndryshimi-i-kufijve-e-destabilizon-kosoven/": 1, "https://reporteri.net/zgjedhjet2021/albin-kurti-tregon-arsyet-se-pse-refuzoi-kerkesen-e-enver-hoxhajt-per-debat/": 4, "https://reporteri.net/zgjedhjet2021/zyberaj-do-ta-zhvillojme-kosoven-dhe-do-ta-forcojme-subjektivitetin-e-saj-nderkombetar/": 1}, "kadri": {"https://reporteri.net/zgjedhjet2021/hoxhaj-permbylle-fushaten-zgjedhore-ne-prishtine-ne-e-bejme-historine-ne-lufte-dhe-ne-paqe-pdk-eshte-drita-qe-do-ta-rimekembe-kosoven/": 1}, "vjosa": {"https://reporteri.net/zgjedhjet2021/376295/": 1, "https://reporteri.net/zgjedhjet2021/avduallah-hoti-thote-se-ia-cmontuan-propaganden-vv-se/": 1, "https://reporteri.net/zgjedhjet2021/vjosa-osmani-e-pranon-se-kane-blere-shtepi-ne-marigona/": 4, "https://reporteri.net/zgjedhjet2021/arben-gashi-dobet-shoku-albin-e-shoqja-vjose-pa-program-pa-ide-pa-pasion-dhe-pa-guxim/": 3, "https://reporteri.net/zgjedhjet2021/ironizon-gazetari-koci-armend-muja-eshte-maskuar-per-tu-dukur-kinse-eshte-shkullaku/": 1, "https://reporteri.net/zgjedhjet2021/kurti-do-ta-bejme-edhe-ligjin-anti-mafia/": 2, "https://reporteri.net/zgjedhjet2021/vjosa-osmani-asociacioni-me-kompetenca-ekzekutive-i-rrezikshem-sa-ndryshimi-i-kufijve-e-destabilizon-kosoven/": 1}, "glauk": {}, "ramush": {"https://reporteri.net/zgjedhjet2021/tahiri-aak-ja-kurre%cc%88-ska-qene%cc%88-me%cc%88-e-konsoliduar-se-tash/": 1}, "behgjet": {}, "dardan": {}, "fatmir": {}}, "Insajderi": {"kurti": {"https://insajderi.com/heshtje-zgjedhore/": 2, "https://insajderi.com/osmani-ne-ditet-e-para-te-qeverisjes-do-te-miratohet-ligji-anti-mafia/": 1, "https://insajderi.com/hoxhaj-te-dielen-do-ta-shkruajme-historine-e-kosoves/": 1, "https://insajderi.com/kurti-shpjegon-kuptimin-e-sloganit-dhe-simboliken-e-fjongove-te-kuqe/": 4, "https://insajderi.com/behramaj-a-po-kandidon-kurti-per-kryeredaktor-apo-kryeminister-te-kosoves/": 4, "https://insajderi.com/permbyllet-periudha-e-votimit-permes-postes/": 1}, "kadri": {"https://insajderi.com/hoxhaj-te-dielen-do-ta-shkruajme-historine-e-kosoves/": 1}, "vjosa": {"https://insajderi.com/osmani-ne-ditet-e-para-te-qeverisjes-do-te-miratohet-ligji-anti-mafia/": 2}, "glauk": {}, "ramush": {"https://insajderi.com/haradinaj-na-ka-humbur-durimi-me-serbine/": 1}, "behgjet": {}, "dardan": {}, "fatmir": {"https://insajderi.com/limaj-fton-prizrenin-te-rreshtohet-krah-clirimtareve/": 3}}}}